node;res;dg;Betweeness;Closeness;Burts.contraint;Activity
1;ALA;3;5.14723911452513E-07;0.096746141024712;0.527530864197531;
2;THR;5;0.000440827713142;0.105200945626478;0.395181859410431;
3;ARG;5;0.001683191765358;0.105441908222099;0.309348248929201;
4;ARG;3;0.000139551222646;0.104969334801069;0.51;
5;TYR;6;0.029479224821585;0.113578356304237;0.275497685185185;
6;TYR;6;0.002945443426556;0.104362101313321;0.265554103328574;
7;LEU;8;0.010312567637707;0.115714657189911;0.225145520133176;
8;GLY;5;0.000177773224661;0.106740225473735;0.300482407407407;
9;ALA;10;0.004676563746824;0.107228915662651;0.179908618354749;
10;VAL;7;0.002007676283294;0.101613639823413;0.23919388976301;
11;GLU;8;0.001287662555949;0.10066354999246;0.233268898415848;
12;LEU;7;0.002168592073184;0.097580586214458;0.263617136764003;
13;SER;5;0.002075192100295;0.096999200755649;0.316541792642983;
14;TRP;7;0.010107198817476;0.104191055958792;0.220210216550717;
15;ASP;4;0.001262870245432;0.098255685581806;0.373759920634921;
16;TYR;7;0.006820718034612;0.105267307995584;0.231812900358322;
17;MET;6;0.009403988411041;0.098888888888889;0.220758430782781;
18;GLN;4;0.011088436255897;0.09236197592362;0.307725694444444;
19;SER;4;0.001395748324108;0.089627391742195;0.440086805555556;
20;ASP;6;0.022166343476702;0.097773546213564;0.29038033037289;
21;LEU;4;0.001240830844953;0.089232003208342;0.456145833333333;
22;GLY;3;0.010147669559483;0.089190272581507;0.435956790123457;
23;GLU;5;0.008753377173661;0.082098271938995;0.333344444444444;
24;LEU;4;0.002817632775665;0.075908341388526;0.389444444444444;
25;PRO;2;0.000661998785398;0.070567713288931;0.5;
26;VAL;2;1.12303398862367E-06;0.066210385359322;0.5;
27;ASP;3;0.000835005521437;0.07088997451147;0.468641975308642;
28;ALA;3;5.61516994311833E-07;0.07088997451147;0.598549382716049;
29;ARG;5;0.003202010885919;0.076276996914638;0.407133333333333;
30;PHE;5;0.000945159155828;0.078262398874428;0.377644444444444;
31;PRO;3;2.04017841266633E-06;0.076255212200834;0.537777777777778;
32;PRO;5;0.001353100129676;0.082483781278962;0.3302;
33;ARG;6;0.009515304230786;0.084788821848206;0.257083333333333;
34;VAL;3;0.000521852644481;0.078189059388544;0.570216049382716;
35;PRO;4;0.000532729161711;0.078372666431842;0.532118055555556;
36;LYS;4;0.000982255401741;0.074631037567084;0.3984375;
37;SER;2;1.37705358128854E-06;0.069466125507337;0.5;
38;PHE;3;0.000814689644277;0.074626865671642;0.333333333333333;
39;PRO;2;9.35861657186388E-07;0.07194826192401;0.5;
40;PHE;6;0.005272405844772;0.080620810435413;0.263117283950617;
41;ASN;3;0.001207258242818;0.077503628447025;0.435956790123457;
42;THR;4;0.004814024525907;0.082123523622047;0.418402777777778;
43;SER;3;0.003009704342917;0.088264462809917;0.610622952884858;
44;VAL;3;0.003009704342917;0.088264462809917;0.610622952884858;
45;VAL;7;0.009798392699459;0.096508349598786;0.249490461150447;
46;TYR;8;0.005699296368059;0.097083848447386;0.220973462301587;
47;LYS;8;0.00607929539922;0.098255685581806;0.252485050154321;
48;LYS;9;0.006539289211026;0.104085451426789;0.20830353643515;
49;THR;10;0.002433027902615;0.103915310967541;0.204591176933736;
50;LEU;8;0.007759054010871;0.110852777547123;0.206743344907407;
51;PHE;12;0.017526933771609;0.117943281208587;0.151468382346753;
52;VAL;9;0.007562198630239;0.110788381742739;0.195316952912852;
53;GLU;4;0.002218591754573;0.102510942179221;0.327810059208869;
54;PHE;7;0.003036992901343;0.100693920651682;0.209611144533399;
55;THR;2;6.55103160030472E-07;0.090649826848645;0.5;
56;ASP;5;0.001544155007721;0.099559997016929;0.296724615772235;
57;HIS;3;0.000458628531206;0.097852378509126;0.408285322359396;
58;LEU;5;0.001177224682752;0.093376232776107;0.2;
59;PHE;2;6.32703674032809E-06;0.086179071719063;0.5;
60;ASN;3;0.000536369569001;0.092419522326064;0.333333333333333;
61;ILE;4;0.00068730105152;0.094459774994693;0.361961451247165;
62;ALA;3;0.001617850605879;0.093415436288573;0.42984693877551;
63;LYS;3;0.001906878820012;0.093862054418899;0.333333333333333;
64;PRO;5;0.001797506055885;0.10142064878827;0.2401;
65;ARG;5;0.002138940848478;0.101405241169768;0.277044444444444;
66;PRO;4;0.000332364756381;0.101830663615561;0.416536458333333;
67;PRO;6;0.001659260757568;0.104509159229685;0.298736512855831;
68;TRP;10;0.010995169914362;0.109704988084477;0.187292515432099;
69;MET;8;0.002967819773707;0.108669108669109;0.224208622685185;
70;GLY;4;0.000353285721018;0.10191617680739;0.33626205632716;
71;LEU;9;0.01225287392084;0.110367063492063;0.15853837728507;
72;LEU;6;0.00227426547037;0.112829614604462;0.25065372085048;
73;GLY;6;0.00547002053628;0.114464546000171;0.233893184331346;
74;PRO;7;0.007484934112444;0.117610783190908;0.227383965141;
75;THR;6;0.009107512797673;0.115424520145253;0.266694814499874;
76;ILE;8;0.012760993994653;0.12027027027027;0.196920787445679;
77;GLN;5;0.022868237590176;0.117166929963138;0.272052469135802;
78;ALA;6;0.005621926100501;0.116400732409103;0.239267237759301;
79;GLU;9;0.007095557737045;0.111009479461167;0.187900114778422;
80;VAL;7;0.003117926992652;0.110121257114576;0.264109835922275;
81;TYR;4;0.000298492129329;0.107022607022607;0.381058673469388;
82;ASP;6;0.000974248901148;0.106885508406725;0.296280514263318;
83;THR;6;0.001962904920013;0.111111111111111;0.278292076089695;
84;VAL;7;0.006739592618739;0.116695804195804;0.190997732426304;
85;VAL;5;0.002252587180176;0.110513245033113;0.295447530864198;
86;ILE;8;0.032870769755862;0.115434500648508;0.212620268014613;
87;THR;7;0.010312797737063;0.11090803356318;0.257918713781809;
88;LEU;10;0.0075045232953;0.113087674714104;0.176481725560595;
89;LYS;9;0.006724704943668;0.108369185810537;0.189803949357521;
90;ASN;10;0.004262392535631;0.10568397720076;0.204648185941043;
91;MET;4;0.001905350663689;0.100217701373771;0.2797265625;
92;ALA;7;0.000818028068945;0.102220520673813;0.256517510065251;
93;SER;6;0.002890536384852;0.102111060119321;0.244106237402368;
94;HIS;7;0.004675430143615;0.109542955608435;0.23285876255264;
95;PRO;6;0.003351665932727;0.105750950570342;0.264785210380448;
96;VAL;7;0.001674958377715;0.11358802007998;0.243755174027283;
97;SER;9;0.008015671853812;0.11797454931071;0.185208691043862;
98;LEU;10;0.014665370509513;0.121231383944788;0.16128172988127;
99;HIS;8;0.01568256054665;0.126744517231558;0.187111102253401;
100;ALA;8;0.016447913902442;0.125564334085779;0.218286430235116;
101;VAL;6;0.016449164647065;0.129385539833301;0.269261590370597;
102;GLY;3;0.000213808881036;0.119559376679205;0.466628086419753;
103;VAL;8;0.010188781694753;0.12267965447528;0.185203993055556;
104;SER;4;0.000174884585963;0.114611950549451;0.3280078125;
105;TYR;10;0.035664638328789;0.125246270757107;0.156915509259259;
106;TRP;6;0.014816658544779;0.118656119456048;0.212842935528121;
107;LYS;9;0.034768453212555;0.120617997831587;0.167991921963115;
108;ALA;2;1.42268892556643E-05;0.108211072383886;0.5;
109;SER;8;0.004618251245599;0.117290458618872;0.184129412615741;
110;GLU;8;0.004163304415154;0.120748914616498;0.218473076007023;
111;GLY;6;0.002964679572543;0.116553169198533;0.23677619170096;
112;ALA;5;0.00190296088684;0.11387869999147;0.272878086419753;
113;GLU;1;0;0.102244007046029;1;
114;TYR;9;0.011676683387534;0.121374670424584;0.18805511813779;
115;ASP;2;0.000598757090203;0.111296373488954;0.5;
116;ASP;6;0.010242065561868;0.115304888581793;0.249166881001372;
117;GLN;6;0.007054073585542;0.109957993575488;0.233086419753086;
118;THR;5;0.001026002131609;0.107392808301826;0.351288580246914;
119;SER;4;1.54985226645923E-05;0.102377300613497;0.498352141203704;
120;GLN;4;1.66223977846182E-05;0.102361600981445;0.498352141203704;
121;ARG;5;0.01912065833529;0.104895104895105;0.350671296296296;
122;GLU;9;0.031675950644406;0.112781954887218;0.251455856576741;
123;LYS;8;0.006655705188785;0.108211072383886;0.304388744212963;
124;GLU;6;0.01027430012313;0.107185869128864;0.319245756172839;
125;ASP;6;0.001522542625157;0.109139960758666;0.265439386145405;
126;ASP;8;0.006143201344643;0.113452876689046;0.213357687114198;
127;LYS;6;0.01326021564907;0.111968464312673;0.24042426898743;
128;VAL;5;0.004235127630406;0.10277927477096;0.269911111111111;
129;PHE;5;0.00017948416247;0.099160662556637;0.398088888888889;
130;PRO;5;0.000110378500876;0.097154501128011;0.346839002267574;
131;GLY;3;2.78886773841544E-06;0.09647347882642;0.5025;
132;GLY;5;0.000390060615097;0.099138571216397;0.383777777777778;
133;SER;4;0.000374169727328;0.102795102795103;0.371327160493827;
134;HIS;5;0.00229908552405;0.106654949268994;0.279461224489796;
135;THR;6;0.047939546594377;0.109480072166639;0.281293750524901;
136;TYR;9;0.009792308171043;0.116086956521739;0.179131605202666;
137;VAL;4;0.003545543536156;0.113859275053305;0.312377507716049;
138;TRP;10;0.013116292433087;0.121751025991792;0.152374815759637;
139;GLN;4;0.000311643258812;0.111333500125094;0.339184027777778;
140;VAL;7;0.010460839144782;0.114484178029329;0.172752415403047;
141;LEU;6;0.015733821196281;0.119026390870185;0.28570987654321;
142;LYS;4;2.23473357279338E-05;0.113636363636364;0.476267361111111;
143;GLU;4;0.000894660425024;0.117849576271186;0.307725694444444;
144;ASN;5;0.000711357092874;0.118740549675354;0.332916666666667;
145;GLY;6;0.008987463575357;0.12157362717421;0.275023148148148;
146;PRO;4;0.000895830243153;0.114838709677419;0.295138888888889;
147;MET;6;0.001032803283054;0.113675068119891;0.270583349080373;
148;ALA;3;2.74868090029988E-05;0.107056936647955;0.471662327482433;
149;SER;3;6.14049065420805E-05;0.110476663356504;0.407470395565634;
150;ASP;7;0.009981231311594;0.116910412470444;0.256680681531872;
151;PRO;3;0.000277082348018;0.107609221344511;0.393410038912684;
152;LEU;3;3.96270564557208E-06;0.102708108939837;0.496096483861034;
153;CYS;4;0.000373355633098;0.106467820400351;0.366390306122449;
154;LEU;6;0.008747497763227;0.122353588122079;0.27352323388203;
155;THR;8;0.017303970266019;0.127300467245161;0.228313681520062;
156;TYR;9;0.013103298048364;0.127215551743854;0.192177113758169;
157;SER;9;0.029379686024644;0.128229756987801;0.202808497117326;
158;TYR;11;0.012874416598942;0.123874918808574;0.163687564940271;
159;LEU;7;0.004449322489997;0.120694331434771;0.212914814762758;
160;SER;9;0.009562974235597;0.118309110244594;0.20831366314244;
161;HIS;8;0.02666820033992;0.124731383724189;0.180737630700428;
162;VAL;7;0.011093673843271;0.118288144603934;0.260020178706403;
163;ASP;7;0.003964054111172;0.119185786983305;0.271549180896848;
164;LEU;9;0.017366756011777;0.125658885542169;0.188050757568688;
165;VAL;9;0.005101648573115;0.120172832838239;0.227007183760564;
166;LYS;7;0.008649011930064;0.114977176815089;0.246878872486258;
167;ASP;12;0.017332090174573;0.11991376987335;0.168474131550768;
168;LEU;9;0.016405394686836;0.123211813567144;0.179203108426727;
169;ASN;8;0.007287224293222;0.114888123924269;0.187304972915092;
170;SER;9;0.013613371095973;0.112858229774284;0.20363768861454;
171;GLY;6;0.001258432603226;0.112982396750169;0.27845228909465;
172;LEU;9;0.0033514410314;0.116910412470444;0.20766175125743;
173;ILE;8;0.007006675800525;0.119741680868239;0.22655718456077;
174;GLY;4;0.000711917799752;0.116675406397483;0.384083396305224;
175;ALA;3;0.000211017905579;0.111083374937594;0.487847222222222;
176;LEU;6;0.009048909068899;0.123394029023015;0.238275891632373;
177;LEU;9;0.02864504325967;0.124824684431978;0.208150243865264;
178;VAL;6;0.002620731396974;0.11717721407882;0.2805129510652;
179;CYS;7;0.001506853863761;0.110540697193012;0.267961266139109;
180;ARG;9;0.007908428693556;0.112062452782674;0.182365555275608;
181;GLU;5;0.001323731354861;0.10568397720076;0.29175107079869;
182;GLY;2;1.33629700868553E-06;0.096167699178793;0.5;
183;SER;7;0.006133738798999;0.108018448094506;0.236530715082707;
184;LEU;5;0.001541022616842;0.103907222914072;0.282518720080625;
185;ALA;5;0.000550875237986;0.099798161022651;0.288751020408163;
186;LYS;7;0.00257952024425;0.102676511305953;0.324106390855662;
187;GLU;6;0.003966802189584;0.107142857142857;0.293608276643991;
188;LYS;4;0.000267680669894;0.099970046428037;0.399118480725624;
189;THR;5;0.000334684630517;0.098771825984019;0.382697052154195;
190;GLN;5;0.002452037308257;0.102040816326531;0.300375510204082;
191;THR;5;0.001049514708229;0.10200962787499;0.335086621315193;
192;LEU;5;0.002562523296064;0.105851569933397;0.328854320987654;
193;HIS;5;0.005391484871182;0.10732373985047;0.263960493827161;
194;LYS;6;0.019678107802625;0.113636363636364;0.235699588477366;
195;PHE;9;0.018213329954605;0.115654509226371;0.187785589087029;
196;ILE;6;0.010797131678051;0.116777466759972;0.246508435164189;
197;LEU;7;0.023900573588676;0.1207161587847;0.208644337364575;
198;LEU;6;0.003979937719639;0.115394588987812;0.219287131519274;
199;PHE;8;0.015398633198533;0.122364802933089;0.18788369384212;
200;ALA;6;0.006334380440709;0.11869831955188;0.232753274538312;
201;VAL;8;0.006497311251543;0.117074454091029;0.189809105008222;
202;PHE;5;0.005254538056879;0.111790319879417;0.225069444444444;
203;ASP;6;0.004090209123751;0.110641471904525;0.261307358591585;
204;GLU;7;0.003011003804941;0.102267504213268;0.209703325774754;
205;GLY;3;1.13112414335398E-05;0.100406137184116;0.518030360292265;
206;LYS;4;0.000362653591385;0.105101558809636;0.413828125;
207;SER;5;0.004707499839481;0.107756881104205;0.251890432098765;
208;TRP;9;0.013523827313129;0.104044891278934;0.181541815971931;
209;HIS;4;0.005189471927064;0.095078698098426;0.348427854938272;
210;SER;2;0.002202251272574;0.08686881832379;0.5;
211;GLU;2;0.000725291472275;0.079968851084222;0.5;
212;THR;2;5.18306526643537E-05;0.077530634763924;0.5;
213;LYS;2;0.000823543487225;0.07995927168184;0.5;
214;ASN;2;0.002282023444;0.086863166113605;0.5;
222;ALA;1;0;0.075321597833446;1;
223;ALA;2;0.001498127340824;0.081452104942038;0.5;
224;SER;4;0.002996254681648;0.088657192190198;0.389322916666667;
225;ALA;3;5.72437411252522E-05;0.08953722334004;0.512538580246913;
226;ARG;6;0.004086276695028;0.097211097356732;0.329711076817558;
227;ALA;2;0;0.090269795117993;0.70703125;
228;TRP;4;0.004379997498501;0.095071927075915;0.3447265625;
229;PRO;2;0.004175539311536;0.102416570771001;0.5;
230;LYS;5;0.007383630541912;0.113530062080109;0.243800715878638;
231;MET;6;0.004128767057927;0.11079757656237;0.233742682506887;
232;HIS;11;0.017736518173817;0.116299329209861;0.160399718427316;
233;THR;8;0.007271586022839;0.114818955878559;0.212569587924702;
234;VAL;8;0.006582722860762;0.112801013941698;0.211156316359619;
235;ASN;5;0.002320644739958;0.108952909491553;0.264991049382716;
236;GLY;6;0.006207428837003;0.108890701468189;0.258268300156678;
237;TYR;11;0.009626740277217;0.106859841511246;0.162538569835648;
238;VAL;8;0.014183011520326;0.109948937572064;0.216236034649311;
239;ASN;4;0.000103948551886;0.103272220932931;0.398477359693878;
240;ARG;8;0.022199742104795;0.105642161905516;0.223000770620748;
241;SER;7;0.010421930045706;0.104345787087697;0.242054121924252;
242;LEU;6;0.005741139574429;0.108246168815373;0.23313984288619;
243;PRO;5;0.000549028467551;0.104191055958792;0.344083379247016;
244;GLY;3;0.000279408348101;0.102487333026255;0.405555555555556;
245;LEU;6;0.005558174952742;0.109113199836535;0.263570448755634;
246;ILE;3;0.001652394610983;0.105600379686758;0.477184289353601;
247;GLY;4;0.001581412766592;0.09493670886076;0.387314342403628;
248;CYS;6;0.003611354764423;0.100907029478458;0.236969324766944;
249;HIS;6;0.001305599836265;0.097752068536282;0.240688145628622;
250;ARG;2;4.08494813883264E-05;0.094687566494078;0.5;
251;LYS;4;0.002419030724099;0.1017996034772;0.295138888888889;
252;SER;6;0.003629737837859;0.107505234337252;0.2486860670194;
253;VAL;6;0.001170289157364;0.107765579593155;0.312548115954201;
254;TYR;4;6.26175287761867E-06;0.107635249536402;0.463151927437642;
255;TRP;9;0.017676849810712;0.118719430858159;0.208751774944088;
256;HIS;8;0.026230597019567;0.122331164665995;0.215582077014834;
257;VAL;6;0.007085483500736;0.123075504747857;0.233614221151424;
258;ILE;6;0.009811884943925;0.125093703148426;0.22941850994513;
259;GLY;6;0.007077368649529;0.126193402022876;0.277690329218107;
260;MET;8;0.016685193464503;0.124105233801246;0.191963916643046;
261;GLY;4;5.7361851836372E-05;0.114219712525667;0.365475747590703;
262;THR;7;0.002146500904735;0.119409660107335;0.223202475434618;
263;THR;6;0.001783016178035;0.120183651422398;0.245439247400827;
264;PRO;6;0.027073634635248;0.124941506785213;0.243269450131598;
265;GLU;7;0.019588128166973;0.119859938947746;0.226960225719005;
266;VAL;7;0.014280287859794;0.123748609566185;0.215590436855014;
267;HIS;8;0.003766781239619;0.118016265912306;0.223885163526499;
268;SER;6;0.000765588510613;0.116695804195804;0.320587089002268;
269;ILE;10;0.015310106009356;0.121795456618922;0.192062191358025;
270;PHE;9;0.029814733297819;0.118120686604141;0.168643689986283;
271;LEU;8;0.016864344107;0.113781641523907;0.221091755998581;
272;GLU;4;0.035528142661134;0.106112391701773;0.278481727789256;
273;GLY;3;0;0.102850539291217;0.512008419070107;
274;HIS;7;0.002597454188062;0.106988299406956;0.232342271394418;
275;THR;3;0.001469712315489;0.109704988084477;0.407470395565634;
276;PHE;10;0.02690122986831;0.12072707542051;0.159970524287921;
277;LEU;7;0.005233753065203;0.116624443085525;0.228112245854096;
278;VAL;6;0.005385195442126;0.116869473868511;0.292762975560595;
279;ARG;4;0.006149456053491;0.1170847219786;0.374166666666667;
280;ASN;6;0.001407027792509;0.11323155216285;0.37305539808516;
281;HIS;10;0.033068912389238;0.120967741935484;0.19761593204775;
282;ARG;11;0.033209782771551;0.12035701406419;0.14490078193812;
283;GLN;6;0.00850058674678;0.121640091116173;0.260063689291909;
284;ALA;6;0.002157887741428;0.115175567250453;0.261578461374262;
285;SER;8;0.005732896181457;0.121728822832133;0.237613811728395;
286;LEU;5;0.005177840632504;0.11984917856181;0.284386111111111;
287;GLU;6;0.031331431167678;0.128217441413753;0.245859276581003;
288;ILE;10;0.033298042819233;0.128365384615385;0.157118083900227;
289;SER;8;0.013394482305629;0.129536192509218;0.231047963022014;
290;PRO;6;0.002480481430496;0.122409682743444;0.249942807627166;
291;ILE;9;0.00785382587175;0.127726750861079;0.202984682213077;
292;THR;8;0.007960658757472;0.130180399804973;0.23478214216821;
293;PHE;8;0.026747625876201;0.131139489194499;0.199490017361111;
294;LEU;6;0.030029065040444;0.128217441413753;0.235725308641975;
295;THR;6;0.006887899450523;0.120967741935484;0.253450788751715;
296;ALA;6;0.000944191199714;0.114425302134225;0.314691463004955;
297;GLN;7;0.001121310177858;0.114327310096771;0.298038407350847;
298;THR;7;0.001803327568798;0.108580723871492;0.247857374242214;
299;LEU;5;0.006880605853862;0.110522394237934;0.246537546147936;
300;LEU;7;0.00166424437543;0.10316049764315;0.21708547364524;
301;MET;4;0.002512079564097;0.102197045089183;0.25;
302;ASP;4;0.002309057204466;0.101900618273414;0.300069444444444;
303;LEU;5;0.000655493985624;0.094459774994693;0.299834240362812;
304;GLY;5;0.000359686045292;0.100527108433735;0.339620711755777;
305;GLN;5;0.000131694685247;0.101075105996366;0.358002496205094;
306;PHE;11;0.02009403990582;0.109921778509675;0.175829185745311;
307;LEU;6;0.021174927031255;0.109354521625164;0.231090211290277;
308;LEU;9;0.033956827685161;0.118498135984378;0.165542703811904;
309;PHE;8;0.012308915938179;0.115694600918624;0.225601465557288;
310;CYS;8;0.000888811834359;0.113539717639054;0.265062557575113;
311;HIS;6;0.00055610142754;0.112288670199344;0.319836725070687;
312;ILE;7;0.001787802391531;0.111333500125094;0.273581349206349;
313;SER;5;0.001778514060791;0.109804244119099;0.354169387755102;
314;SER;4;4.85635463770262E-05;0.106723159325286;0.482487244897959;
315;HIS;10;0.005764202559485;0.115594423759633;0.206496896258503;
316;GLN;7;0.001633524522752;0.10837798343887;0.31759923527234;
317;HIS;3;5.0536529488065E-07;0.100428797111262;0.48531887755102;
318;ASP;5;0.000599744340423;0.107203083594315;0.344979138321996;
319;GLY;8;0.002360008958107;0.110330578512397;0.213746013847602;
320;MET;12;0.013285406576883;0.117115536450566;0.15191065744671;
321;GLU;7;0.005667043506011;0.110075857519789;0.216123895136286;
322;ALA;5;0.00337531977139;0.109327655392679;0.247372448979592;
323;TYR;7;0.004204496097358;0.106868395773295;0.227655545745593;
324;VAL;7;0.00363080137491;0.110193974411886;0.264426249854402;
325;LYS;7;0.003264821244937;0.103288201160542;0.253534291267527;
326;VAL;7;0.009962139825099;0.10083081570997;0.275547913155255;
327;ASP;5;0.008955915300777;0.091721058055651;0.349700907029478;
328;SER;2;0;0.084046839587006;0.804444444444444;
329;CYS;3;0.005979032955432;0.084068010075567;0.521111111111111;
330;PRO;2;0.00448764381854;0.07758019525802;0.5;
331;GLU;3;0.002994008613671;0.072014241018449;0.611111111111111;
332;GLU;2;0;0.06718333249459;1.00694444444444;
333;PRO;2;0;0.06718333249459;1.00694444444444;
360;PHE;1;0;0.064561369571525;1;
361;ASP;2;0.001498127340824;0.06901364764268;0.5;
362;ASP;3;0.003725187299341;0.074117255163225;0.333333333333333;
363;ASP;2;6.17668693743016E-06;0.069117266373285;0.5;
364;ASN;3;0.000774809893074;0.074220270195141;0.333333333333333;
365;SER;4;0.004306195386961;0.074348407217643;0.300069444444444;
366;PRO;2;0.002772051017193;0.069282266853495;0.5;
367;SER;2;0.001315841062279;0.064909806972334;0.5;
368;PHE;2;4.48332475916901E-05;0.061373666789261;0.5;
369;ILE;3;0.00042780818847;0.062200065228533;0.333333333333333;
370;GLN;3;0.002689580771554;0.065332289321719;0.333333333333333;
371;ILE;4;0.0008437872205;0.063586568230531;0.431423611111111;
372;ARG;3;0.000321851084349;0.06219137240287;0.458333333333333;
373;SER;4;0.000825985141964;0.063644164759725;0.431423611111111;
374;VAL;3;0.003877957160836;0.067254408060453;0.458333333333333;
375;ALA;2;0.00528118044618;0.071801215511214;0.5;
376;LYS;2;0.006702482052782;0.077051829620224;0.5;18.4
377;LYS;3;0.008831790716899;0.08318275281949;0.333333333333333;88.9
378;HIS;2;0.001229047860255;0.078714622641509;0.5;91.3
379;PRO;3;0.001996886273654;0.082898658718331;0.425347222222222;87.1
380;LYS;4;0.000473944670939;0.085156598839064;0.424045138888889;5
381;THR;3;3.69985411172683E-06;0.084120982986768;0.496811224489796;36.2
382;TRP;8;0.002634364889467;0.091551227540804;0.248852557516062;8
383;VAL;4;0.00021424763238;0.085708782742681;0.39381426760519;57
384;HIS;7;0.005258787582448;0.092381150093419;0.231250658804716;
385;TYR;9;0.003645030020138;0.085489241803279;0.209555915987794;12.7
386;ILE;8;0.002298801034936;0.090625212137669;0.205950424874811;6.5
387;ALA;6;0.000690211599161;0.090361445783133;0.301515346364883;
388;ALA;6;0.004027195499288;0.092528416967009;0.272901663237311;
389;GLU;6;0.002760870344027;0.088751495811727;0.245470880224518;
390;GLU;7;0.003063101450578;0.089923211639499;0.237308358528597;
391;GLU;4;3.14077897751985E-05;0.089071257005605;0.390877444727891;119.8
392;ASP;6;0.0008570694958;0.089148580968281;0.289482610843542;8.6
393;TRP;8;0.011540330621238;0.099478390461997;0.206619721943721;5.4
394;ASP;5;0.000376323549114;0.092876026158342;0.343911224489796;
395;TYR;10;0.016622392210194;0.100754716981132;0.170339600655077;
396;ALA;5;0.001610055242423;0.092355586302318;0.3036;
397;PRO;1;0;0.084552536576097;1;11.4
398;LEU;5;0.003257366290428;0.094299639754185;0.290455555555556;100.5
399;VAL;4;0.00018626490999;0.089321557607387;0.395102237654321;80.2
400;LEU;6;0.001411245714211;0.088136264606853;0.30028208196859;92.8
401;ALA;5;0.000236595775759;0.083573306623263;0.377823759133283;
402;PRO;4;0.0007801106213;0.081442166910688;0.468452932098765;
403;ASP;2;0;0.075372628726287;0.78125;82.7
404;ASP;4;0.000722666343886;0.081501831501832;0.420042438271605;38.9
405;ARG;9;0.006195247838965;0.088627763393746;0.247281920998852;72.9
406;SER;3;6.18756613761824E-05;0.0822094956586;0.431111111111111;57.6
407;TYR;5;0.001998483447935;0.088031651829871;0.346020987654321;66.5
408;LYS;4;0.011030439915847;0.095877621373169;0.348227237654321;60.2
409;SER;6;0.000238994699477;0.084552536576097;0.309898799025783;73.8
410;GLN;5;0.000589007659514;0.084632940281476;0.330336111111111;60.4
411;TYR;10;0.004069881615375;0.091645500102973;0.17918914399093;
412;LEU;4;0.001019710984078;0.091935817092487;0.337793367346939;7.6
413;ASN;7;0.001638855290536;0.085907335907336;0.25234126984127;67
414;ASN;4;0.00081760653493;0.080165735903441;0.347018494897959;82.2
415;GLY;4;6.66908289650286E-05;0.074369115926689;0.397222576530612;56.4
416;PRO;5;5.57790646530798E-05;0.074232651245552;0.362130102040816;53
417;GLN;7;0.001994891950881;0.07862653866541;0.2460946249248;87.6
418;ARG;7;0.000835664081598;0.079582712369598;0.253633266231663;48.3
419;ILE;7;0.008524910508448;0.086206896551724;0.180678207809801;7.6
420;GLY;6;0.002296978899875;0.092304501140842;0.264609298162689;8.3
421;ARG;10;0.002412260517901;0.093598822127182;0.200840173847317;75.2
422;LYS;7;0.003556524127558;0.091225912259123;0.219794536271809;34.8
423;TYR;11;0.013221251719296;0.093875254904718;0.155499876105937;4.7
424;LYS;8;0.002387294300549;0.089784114600847;0.240793585316549;5.5
425;LYS;12;0.016540865926587;0.097338680277069;0.146724025583603;5.7
426;VAL;8;0.004605057615542;0.094379639448568;0.210048222848167;28.2
427;ARG;9;0.010501810204082;0.096634093376764;0.185944591027998;15.1
428;PHE;12;0.013490241026391;0.098771825984019;0.152448771348445;6.6
429;MET;6;0.004085931076039;0.090459411844423;0.247294899183953;94.8
430;ALA;7;0.003702416887597;0.086441336441336;0.23075318090199;
431;TYR;9;0.003023254510831;0.083583771600301;0.229409979812684;12.6
432;THR;4;2.00614771229309E-05;0.078001752848379;0.485423900462963;68.5
433;ASP;4;3.32176367168153E-06;0.077341984821273;0.432440771447468;
434;GLU;7;0.000966403460398;0.080820922629858;0.260944192491811;79.2
435;THR;2;0;0.076237793387014;0.666808390022676;34.8
436;PHE;6;0.001343267112978;0.081204379562044;0.329292538002855;7
437;LYS;4;2.0892508252007E-05;0.079478478299696;0.406098680791761;76.8
438;THR;8;0.001112944663454;0.080127243262709;0.280339624275636;11.2
439;ARG;2;0;0.074894810659187;0.656684027777778;
440;GLU;6;0.001857661039536;0.080757364950699;0.323370706307214;50.8
441;ALA;2;0.001212695741333;0.081606455162296;0.5;
442;ILE;2;0.002130818036128;0.086407766990291;0.5;90.3
443;GLN;3;0.003485509032092;0.093736834714226;0.444722222222222;
444;HIS;4;0.002178068590031;0.098075227740229;0.383125;78.9
445;GLU;5;0.006930177562913;0.10200962787499;0.295;80.1
446;SER;6;0.002864647456575;0.102118870955404;0.257306993785168;
447;GLY;7;0.00659127921103;0.102763451620353;0.24496378180902;
448;ILE;6;0.004387924995621;0.102150126252965;0.295818754199211;10.4
449;LEU;9;0.008796569287102;0.10785264178381;0.192725587034082;99
450;GLY;8;0.003276057431812;0.101428354353442;0.246317112890266;10.6
451;PRO;5;0.004323807001512;0.093842260649515;0.286736111111111;16.5
452;LEU;4;0.000752869490695;0.099219620958751;0.4065625;71.6
453;LEU;8;0.008657236807606;0.099962560838637;0.181955707644628;20.7
454;TYR;5;0.001087186449832;0.097616262064931;0.329074074074074;86.5
455;GLY;4;9.03680977315167E-05;0.096564195298373;0.421087962962963;66.4
456;GLU;6;0.001141600033313;0.093881856540084;0.32161865569273;21.5
457;VAL;8;0.00325477892315;0.096105391980419;0.247854453558044;36.8
458;GLY;3;0;0.088899247519478;0.530824829931973;26.3
459;ASP;8;0.004472045792886;0.090068816623937;0.228026790143141;7.6
460;THR;7;0.0022404917548;0.091538672517828;0.240185609391149;8.5
461;LEU;7;0.007910953227801;0.098888888888889;0.245095697008962;8.7
462;LEU;9;0.002381874424347;0.092464330239645;0.20511779368812;104.7
463;ILE;7;0.001960330976471;0.09264399722415;0.211373398943856;10.4
464;ILE;6;0.000829512366914;0.085868656332411;0.23677179127824;63
465;PHE;8;0.001350468941837;0.0874148768989;0.197871455439815;6.4
466;LYS;9;0.002815488722189;0.085308965429101;0.198239805638762;22.7
467;ASN;6;0.000867322899485;0.082831792517218;0.299250685871056;5.9
468;GLN;5;0.000576127719627;0.082657420593152;0.312162962962963;109.1
469;ALA;5;0.000927957456011;0.084434887103915;0.343086621315193;
470;SER;3;7.4492581570473E-05;0.08347923961981;0.416235827664399;
471;ARG;5;0.000779629086127;0.084999363300649;0.245;11.4
472;PRO;6;0.000514471075188;0.086648925812942;0.308322625346435;15
473;TYR;12;0.011882046503344;0.092432320155092;0.16613268127467;6.1
474;ASN;8;0.004664739711519;0.091916827320297;0.20128354857568;12.1
475;ILE;8;0.002322316287437;0.093611948671201;0.17391743285856;24.2
476;TYR;7;0.005705458057077;0.098255685581806;0.197542679789069;41.8
477;PRO;8;0.008187880692407;0.105283911671924;0.195983526599776;35.4
478;HIS;3;0.015855330106612;0.113423959218352;0.382729766803841;38.7
479;GLY;3;0.001211204528358;0.105750950570342;0.392361111111111;5.5
480;ILE;8;0.005008961656285;0.0996640537514;0.22016318115788;
481;THR;4;0.000563290850475;0.096515326778485;0.38227200255102;108.6
482;ASP;5;0.001888997714441;0.092419522326064;0.301523469387755;5.9
483;VAL;7;0.003222124717631;0.097737755326159;0.194914072582926;
484;ARG;6;0.002221601144245;0.086863166113605;0.236501287757901;
485;PRO;6;0.00320610291583;0.089911099137931;0.238011818153187;52.6
486;LEU;7;0.001243469497423;0.086648925812942;0.254051398337113;93.7
487;TYR;3;5.23526747533143E-06;0.08008878756974;0.497780297304107;39.7
488;SER;5;0.000511569706191;0.082795832299678;0.33671201814059;115.8
489;ARG;3;0.00018493273448;0.080007191657677;0.468641975308642;89.7
490;ARG;3;0.000181307697141;0.080679277210371;0.468641975308642;88
491;LEU;5;0.003073330254954;0.087027379400261;0.313832653061225;71
492;PRO;5;0.000280541602719;0.08140243902439;0.471933560090703;60.4
493;LYS;4;5.49639641557512E-05;0.080557566980449;0.588786848072562;71.2
494;GLY;3;0;0.07884479092842;0.64953514739229;76.3
495;VAL;7;0.002035804936423;0.085576923076923;0.311037414965986;91.8
496;LYS;2;0.000146279409712;0.08695935383012;0.5;114.5
497;HIS;6;0.006589787683006;0.095119344495903;0.21802662037037;81.8
498;LEU;8;0.012385060079322;0.095616673828964;0.177596571180556;74.4
499;LYS;6;0.034460867160277;0.099619431385718;0.272472993827161;66.1
500;ASP;3;3.98553323243222E-06;0.092266224341696;0.5;69.7
501;PHE;6;0.007036755134939;0.093024876315239;0.277165611615016;59.5
502;PRO;6;0.00247010731191;0.088252793019105;0.262102584089191;19.7
503;ILE;7;0.003480630008629;0.089639427919157;0.266573996945717;19.1
504;LEU;10;0.004182982777726;0.087180826748514;0.201366227324263;22.9
505;PRO;5;0.000198687272131;0.082800967561868;0.382232653061225;42.2
506;GLY;4;1.43241884235234E-06;0.080329743065166;0.481944444444445;36
507;GLU;6;0.000198659959018;0.081273590648971;0.332321673525377;98.4
508;ILE;4;7.55198684825283E-05;0.082250015402625;0.362581983024691;60.6
509;PHE;6;0.001274244758519;0.08790412853098;0.22544174382716;40.7
510;LYS;5;0.00168421993277;0.08715805967226;0.251733333333333;
511;TYR;10;0.008311949524369;0.095071927075915;0.160363895187705;33.3
512;LYS;9;0.002926157858424;0.092387543252595;0.18634015471758;39.9
513;TRP;10;0.01095986669896;0.100074962518741;0.170284161627614;
514;THR;5;0.000275430949288;0.091929486296653;0.275008226253464;29.5
515;VAL;7;0.001754460555034;0.09569206508494;0.262679236660651;
516;THR;5;0.001752289489869;0.100383487480262;0.389960204081633;
517;VAL;5;0.001482037648265;0.101505474452555;0.37093066893424;52.2
518;GLU;5;0.007506315838673;0.108819693511575;0.362779393189783;104.5
519;ASP;7;0.003168664707094;0.103088803088803;0.261549094127447;50.7
520;GLY;6;0.003321896809857;0.111752887995982;0.268244806014692;61.9
521;PRO;8;0.003376262824399;0.108439606855658;0.217043028293493;9.5
522;THR;7;0.002410445022216;0.113202747392521;0.312636911359248;27.3
523;LYS;4;1.98468691640344E-05;0.105885152284264;0.462071286848073;73.3
524;SER;4;7.80515122841213E-05;0.109024091465904;0.497412840136054;101.1
525;ASP;7;0.015666262003276;0.114366486764328;0.240646029508672;10
526;PRO;4;0.001229233144622;0.109229258713795;0.359282564877803;60.4
527;ARG;6;0.015698985953767;0.107349630106143;0.274253826530612;8.7
528;CYS;10;0.009481890408637;0.111426425173191;0.201423852795633;12.1
529;LEU;8;0.01299272490324;0.115314848406323;0.211665765929497;38
530;THR;8;0.011214265386237;0.11841405002661;0.25228768210036;87.6
531;ARG;9;0.030151168045314;0.116910412470444;0.170331790123457;35.4
532;TYR;10;0.044197938102264;0.11561444531047;0.183554511019284;53.4
533;TYR;11;0.011965458816052;0.106289808917197;0.189356867479162;7.9
534;SER;8;0.00362487500773;0.099050304199436;0.223960978852246;105.2
535;SER;8;0.002171808888867;0.093500490264743;0.230308076066075;12.8
536;PHE;8;0.012180055187577;0.096292556260819;0.190638707305839;13
537;VAL;7;0.001645474585601;0.090520748576078;0.258670490304966;26.5
538;ASN;5;0.001960115208662;0.090099210366471;0.380441780045352;16.4
539;MET;3;0.000307894516239;0.088246959280804;0.515069444444444;77.2
540;GLU;5;0.000174910889989;0.086767190952814;0.395953741496599;97.8
541;ARG;7;0.001588428025663;0.090056664867782;0.273809523809524;9
542;ASP;10;0.002032958715695;0.090637517821984;0.208344926303855;11.9
543;LEU;6;0.000595148063279;0.091482217501542;0.343333727009322;57
544;ALA;6;0.003570014453493;0.094882729211087;0.295769479087931;
545;SER;7;0.000986228965078;0.093631645392061;0.24486686038739;21
546;GLY;8;0.006089244807653;0.098874240853207;0.208220828117126;21.2
547;LEU;9;0.006587935961565;0.098516714633606;0.198342954580095;27.6
548;ILE;9;0.01959859180576;0.106765834932821;0.201365221928727;
549;GLY;5;0.000217147977635;0.105325443786982;0.356646472298745;27.4
550;PRO;10;0.01558795314107;0.10906862745098;0.194574285149475;95.3
551;LEU;10;0.025050667085425;0.108571893298634;0.166693280074503;33.9
552;LEU;6;0.006169584829728;0.106078665077473;0.250801023705064;64.2
553;ILE;10;0.00776835901958;0.106408417025347;0.176731903502142;
554;CYS;9;0.004841311200349;0.102118870955404;0.239218106995885;7
555;TYR;5;0.000791869322559;0.098378776713338;0.310108024691358;
556;LYS;4;0.013324365025377;0.097630539710399;0.397291666666667;59.8
557;GLU;3;0.009030196052542;0.089333511777302;0.482253086419753;
558;SER;3;0.001625234558768;0.089381360471344;0.482253086419753;18.2
559;VAL;2;0.000474978027745;0.083193120209385;0.5;69.1
560;ASP;2;0.000432909765634;0.081328053609504;0.5;17.6
561;GLN;3;0.001562501208032;0.087101193971423;0.468641975308642;44.7
562;ARG;3;0.011172493953593;0.087220697765582;0.468641975308642;111.6
563;GLY;4;0.013649139840297;0.080552706208894;0.355138888888889;12.7
564;ASN;6;0.009269651229158;0.080160922300949;0.365038580246913;
565;GLN;5;0.007398516519097;0.080016782546152;0.338755555555556;
566;ILE;3;0;0.079992809635089;0.632839506172839;12.7
567;MET;5;0.02456650857483;0.086761551959446;0.386366666666667;94.1
568;SER;3;0.025962072567887;0.0945601359966;0.416235827664399;101.8
569;ASP;5;0.015531954324007;0.095099016953982;0.346989795918367;12.5
570;LYS;4;0.010728145363163;0.102866389274156;0.389268848035082;
571;ARG;7;0.034495999615469;0.103834487049856;0.213662131519274;
572;ASN;5;0.017404729089371;0.108518940009755;0.340888817675831;
573;VAL;6;0.018746119720003;0.109435199606525;0.209146885876158;31.9
574;ILE;8;0.020794898820367;0.117995403924342;0.206425252166552;43.7
575;LEU;5;0.004303087349989;0.114740008594757;0.302268827160494;
576;PHE;8;0.029116159286211;0.119763164977124;0.206500953680083;6.5
577;SER;7;0.022239425465821;0.111305652826413;0.23401409070809;
578;VAL;4;0.000785444636778;0.106723159325286;0.475564531368103;58.5
579;PHE;5;0.013443399402372;0.102118870955404;0.240439342403628;7.4
580;ASP;4;0.0006927201986;0.091796740699993;0.404453125;9.3
581;GLU;8;0.003596705303914;0.094000844951415;0.231916548515067;
582;ASN;5;0.000403366494214;0.088305331393041;0.350375;
583;ARG;5;0.000837486434135;0.089178356713427;0.337962755102041;
584;SER;7;0.002140457700027;0.089699657327152;0.201962228958099;
585;TRP;6;0.000437093707832;0.087300549306827;0.239347215223538;4.5
586;TYR;9;0.004819905609727;0.087759663423613;0.171707888916884;4.5
587;LEU;4;0.000187283756054;0.08258072497835;0.371640625;31
588;THR;5;2.13641014924186E-05;0.080713422007255;0.427463888888889;102.6
589;GLU;5;0.000545062295001;0.083615182262307;0.289593209876543;
590;ASN;10;0.007650032690055;0.087673212057529;0.228530547265585;
591;ILE;8;0.002260815146782;0.080869881269687;0.268992922689909;6.8
592;GLN;3;0;0.080674401740392;0.549583333333333;100.9
593;ARG;6;0.000891312630339;0.082652303120357;0.266111111111111;
594;PHE;6;0.002580760351919;0.084751142712037;0.215929783950617;18
595;LEU;8;0.005599467397511;0.080002397075568;0.226136488449546;
596;PRO;4;0.000663424957213;0.07823488045007;0.38539700255102;107.5
597;ASN;7;0.002256978463836;0.074141952682439;0.347623183627192;74.5
598;PRO;3;0;0.069035060502637;0.681122448979592;
599;ALA;4;3.13956733922389E-05;0.06985140226036;0.592571924603175;
600;GLY;4;3.13956733922389E-05;0.06985140226036;0.592571924603175;106.9
601;VAL;7;0.002607989725782;0.075067476383266;0.269578069322967;80
602;GLN;3;2.42117491391105E-05;0.073557771778059;0.401360544217687;129.1
603;LEU;3;0.000653715195858;0.078289936664321;0.419166666666667;46.2
604;GLU;4;0.000313552066184;0.083646616541353;0.437986111111111;99.4
605;ASP;5;4.58496523605151E-06;0.083646616541353;0.444733333333333;35.6
606;PRO;3;0;0.083568075117371;0.57358024691358;
607;GLU;6;0.00011011672315;0.083783105309401;0.358192043020912;74.2
608;PHE;10;0.005526483911585;0.084869675778767;0.228880909863946;
609;GLN;10;0.007605356968791;0.091151167554281;0.244341496598639;
610;ALA;6;0.001494096253799;0.09110140575952;0.314508219954649;
611;SER;8;0.000967865669521;0.084902060544391;0.241781108276644;84.6
612;ASN;10;0.009562170028504;0.092425920797563;0.186468494221227;
613;ILE;7;0.017701772237158;0.099190132996508;0.221699291961683;
614;MET;9;0.020813970387468;0.100345760673482;0.186464826058982;
615;HIS;7;0.033120502487593;0.108563064161991;0.225432529398759;
616;SER;8;0.004012161115571;0.107600548077698;0.222355983481356;
617;ILE;9;0.027762448063144;0.114710431345592;0.179538936948449;
618;ASN;10;0.013381753365995;0.110003295978906;0.175352461262283;7
619;GLY;7;0.009196316558564;0.106070236771015;0.233097915091963;14.4
620;TYR;8;0.005852757404652;0.10312065502858;0.170912432681406;
621;VAL;8;0.022212980978806;0.10706552249579;0.196940025431469;80
622;PHE;9;0.014148099474678;0.10552525492056;0.181639171959639;9.3
623;ASP;6;0.006148159891038;0.102558193132058;0.242797778217075;72.1
624;SER;6;0.001163320903584;0.102739726027397;0.293740753494541;80
625;LEU;6;0.003606711826948;0.105927160199952;0.239654586337562;10.9
626;GLN;6;0.000682055511519;0.101675552170602;0.30918174883122;
627;LEU;9;0.011802972554875;0.10939932803409;0.208077578274788;
628;SER;4;0.002489971911276;0.100580125065923;0.3489950239355;103.3
629;VAL;10;0.012080224009638;0.108167233835683;0.195980774595574;85.2
630;CYS;5;0.000623527622168;0.101121042266323;0.368785034013605;7.6
631;LEU;3;7.18452085324677E-06;0.096760165253316;0.508027210884354;4.8
632;HIS;5;0.000669100381461;0.103144556903345;0.365465022675737;72.3
633;GLU;7;0.002090648482448;0.105918755950492;0.311808390022676;86.7
634;VAL;5;0.001729987923255;0.110157603762687;0.378496768707483;12.3
635;ALA;6;0.003392220385684;0.11439588688946;0.28125106292517;
636;TYR;5;0.006893005844636;0.113212347354138;0.26918347107438;
637;TRP;11;0.047196357905831;0.119015779620219;0.151704783074479;5.6
638;TYR;11;0.021397539289641;0.113704113789285;0.172785621892183;20
639;ILE;8;0.00698233084133;0.119281629735525;0.248601498930275;
640;LEU;10;0.051087500679784;0.122973470891673;0.179960262345679;76.6
641;SER;5;0.002119157641329;0.118656119456048;0.338075925925926;
642;ILE;9;0.020567468818604;0.116522649908353;0.220481981887405;99
643;GLY;2;0;0.104378420641126;0.699266975308642;4.7
644;ALA;3;0.003113178021816;0.110696517412935;0.421896433470507;
645;GLN;4;0.005502078358411;0.115275019428374;0.296632653061224;
646;THR;5;0.00399120331947;0.120628896719978;0.299461224489796;8.9
647;ASP;5;0.003712906245454;0.123177708064218;0.292720987654321;
648;PHE;10;0.003365798203692;0.118225292242295;0.207669266502897;143.1
649;LEU;9;0.024803904508151;0.12644440234893;0.202570599227345;29.1
650;SER;6;0.023836518280153;0.122319956019791;0.238624185528121;
651;VAL;6;0.004051243885876;0.121242393969667;0.257891589506173;
652;PHE;6;0.012187833526433;0.11653282122905;0.217596037890125;
653;PHE;8;0.013380995475023;0.117166929963138;0.196529103973765;
654;SER;9;0.005351627186476;0.111696787148594;0.179332609358329;
655;GLY;6;0.000463789492206;0.106374501992032;0.279786295176507;
656;TYR;12;0.007754256700939;0.1159659485754;0.159226977828168;
657;THR;8;0.012975342022731;0.120541760722348;0.212610194830247;
658;PHE;10;0.007374304382868;0.115684575389948;0.178415432098765;
659;LYS;8;0.008533670336775;0.118424554244655;0.186840149833081;
660;HIS;9;0.014117383245934;0.126360624704212;0.20632446988855;
661;LYS;7;0.014263589238831;0.124906437125749;0.229280469557438;
662;MET;5;0.029362558878104;0.124024526198439;0.271235827664399;
663;VAL;6;0.025138138188636;0.123382624768946;0.260858371126228;
664;TYR;12;0.059501534020141;0.130869522595824;0.153600960831864;
665;GLU;9;0.031922485142593;0.128131298589116;0.180599353710391;
666;ASP;8;0.009634940500547;0.126828804864146;0.199535474635456;
667;THR;8;0.016135904974381;0.12991436356559;0.194480674937799;
668;LEU;8;0.012298777140371;0.126229198184569;0.186519458912037;
669;THR;8;0.011193761109673;0.124347988077496;0.209777078510802;
670;LEU;6;0.00109772286279;0.119967649173257;0.317487568587106;
671;PHE;4;0.000678642323715;0.116706005769735;0.428997395833333;
672;PRO;5;0.002340132435188;0.121884415228704;0.327200453514739;
673;PHE;7;0.038322157915;0.132954884971616;0.194625850340136;
674;SER;5;0.002553991423564;0.122984799631506;0.299300907029479;
675;GLY;4;0.011938307358314;0.118172966274232;0.349938271604938;
676;GLU;6;0.0503683580024;0.128143597619505;0.242044005102041;
677;THR;6;0.015326247768744;0.122454595487067;0.287054183813443;
678;VAL;5;0.021291536774864;0.1208035471903;0.322422839506173;
679;PHE;9;0.0151156678887;0.117259552042161;0.208391947458506;
680;MET;7;0.021825813622262;0.121033544877607;0.229726786287437;
681;SER;5;0.00524158891238;0.117797582281832;0.315932275132275;
682;MET;10;0.013974951056899;0.120454750518813;0.1629069554934;
683;GLU;7;0.010886945696786;0.120956781734167;0.205965576328793;
684;ASN;8;0.002505966426631;0.108819693511575;0.237293083900227;
685;PRO;7;0.002555260313486;0.112175447441391;0.227588302327734;
686;GLY;6;0.000201188119622;0.107418731895719;0.268553043902746;
687;LEU;10;0.006067283005061;0.108739920175939;0.185397108843537;
688;TRP;12;0.005305239661468;0.10374572583152;0.167287367943577;
689;ILE;5;0.001909702430983;0.105367008681926;0.257091049382716;
690;LEU;9;0.011138291994966;0.113966194297422;0.173940333154465;
691;GLY;4;0.002848273546457;0.11344323589395;0.344162406100143;
692;CYS;5;0.001737491855618;0.113452876689046;0.269036549841853;
693;HIS;8;0.015176111350582;0.122163250366032;0.174008246527778;
694;ASN;7;0.022821586935094;0.118214823341893;0.242186948853616;
695;SER;5;0.000612335143129;0.116614255765199;0.289371497858403;
696;ASP;8;0.012754194484571;0.121000634460256;0.263347515510834;
697;PHE;7;0.009812192835703;0.119827663584956;0.270561224489796;
698;ARG;5;0.000843775654887;0.111827776847043;0.381494954648526;
699;ASN;8;0.007248712301392;0.116097051917558;0.268063616071429;
700;ARG;10;0.043643376311151;0.117807977409107;0.193959325396825;
701;GLY;3;0.001969831115945;0.108018448094506;0.405555555555556;
702;MET;5;0.002755614394693;0.109768130241737;0.353135267069791;
703;THR;7;0.039242145668591;0.112468407750632;0.235275849568852;
704;ALA;6;0.00257625325855;0.111166625031227;0.264293587516291;
705;LEU;5;0.002704158734776;0.111212929023659;0.296010366289154;
706;LEU;11;0.012820248606821;0.110678162825402;0.172686141720233;
707;LYS;8;0.006248517996691;0.108211072383886;0.228143736130242;
708;VAL;8;0.004139824852687;0.106374501992032;0.225270110937894;
709;SER;7;0.002397632144304;0.104862147513942;0.267773211136306;
710;SER;6;0.002453346403891;0.103272220932931;0.283423248929201;
711;CYS;4;0.00718576313871;0.09810405643739;0.385138888888889;
712;ASP;2;0.005737517224214;0.089609343536045;0.5;
713;LYS;2;0.004305461716388;0.082550086569379;0.5;
714;ASN;2;0.002889970959893;0.076578902082258;0.5;
715;THR;2;0.001500896709692;0.071459158548335;0.5;
716;GLY;3;0.000609758734475;0.067842260392316;0.482253086419753;
717;ASP;3;0.000178353376641;0.065540772742894;0.482253086419753;
718;TYR;5;0.003673230026662;0.065383485160153;0.344722222222222;
719;TYR;3;1.55945720839336E-05;0.061498065229409;0.660277777777778;
720;GLU;2;0;0.061376488437313;0.804444444444444;
721;ASP;4;0.000492054378096;0.06225227325717;0.326111111111111;
722;SER;2;0.000681587753687;0.065313111545988;0.5;
723;TYR;5;0.011186266689303;0.069756505381963;0.2401;
724;GLU;4;0.001834386938553;0.069756505381963;0.402222222222222;
725;ASP;5;0.015832578766832;0.074802487813078;0.318988888888889;
1689;ARG;1;0;0.07206088740149;1;
1690;SER;2;0.001498127340824;0.077652396463471;0.5;
1691;PHE;2;0.002994008613671;0.084174022698613;0.5;
1692;GLN;3;0.00448764381854;0.091878871300757;0.521111111111111;
1693;LYS;2;0;0.091859905043694;0.804444444444444;
1694;LYS;5;0.007490064864819;0.101113383321972;0.333981481481481;
1695;THR;4;0.000287845952255;0.099760872814228;0.394923804012346;
1696;ARG;9;0.003588835213881;0.108281288020115;0.18981364836744;
1697;HIS;2;0;0.100052461965075;0.63517258755354;
1698;TYR;7;0.003314859453569;0.109813276301719;0.248367449776585;
1699;PHE;6;0.001707605235974;0.104582843713279;0.254616410864757;
1700;ILE;10;0.007689822947114;0.113269981333786;0.176846301020408;
1701;ALA;6;0.000811648349255;0.108369185810537;0.303280462648022;
1702;ALA;7;0.004828746091759;0.111584754262788;0.236859175832086;
1703;VAL;5;0.003158388256222;0.108527761970571;0.252361111111111;
1704;GLU;6;0.002970023791336;0.108298856169384;0.221523062414266;
1705;ARG;5;0.00019462495333;0.104911591355599;0.343354320987654;
1706;LEU;4;0.000178509004594;0.106357552581262;0.434780092592593;
1707;TRP;10;0.027117197967079;0.118319595852167;0.185573426818692;
1708;ASP;3;0.003425818954414;0.107263377792062;0.386180555555556;
1709;TYR;8;0.008178516252295;0.117136088444327;0.206564167957989;
1710;GLY;2;0.002994008613671;0.104895104895105;0.5;
1711;MET;2;0.001498127340824;0.094956967067359;0.5;
1712;SER;1;0;0.086727733385305;1;
1713;SER;1;0;0.075075919469126;1;
1714;SER;5;0.010037407596667;0.081164883268483;0.295;
1715;PRO;4;0.004810290856288;0.075118163403106;0.452569444444444;
1716;HIS;2;0;0.069891628710539;0.750625;
1717;VAL;5;0.000366689167264;0.069913589945012;0.442777777777778;
1718;LEU;3;1.31020632006094E-06;0.06990626800021;0.542993827160494;
1719;ARG;6;0.001909757359305;0.070030950007869;0.378649691358025;
1720;ASN;3;1.49737865149822E-06;0.065463639484137;0.563703703703704;
1721;ARG;3;5.61516994311833E-07;0.06545721990684;0.611111111111111;
1722;ALA;3;0.000745694568446;0.07001258653241;0.581018518518518;
1723;GLN;4;0.005623069242689;0.075249422242264;0.383836805555556;
1724;SER;4;0.00491888591563;0.081288436948182;0.4596875;
1725;GLY;4;0.014373515303789;0.088206144697721;0.46734375;
1726;SER;4;0.003544697584439;0.088340391741662;0.3984375;
1727;VAL;4;0.020067971231401;0.096445600346771;0.3203125;
1728;PRO;3;0.002012769189437;0.097381282369247;0.333333333333333;
1729;GLN;4;0.021275664516963;0.106382978723404;0.383869598765432;
1730;PHE;9;0.013307669515731;0.112753378378378;0.236988224620567;
1731;LYS;5;0.000185342406852;0.104812750255162;0.319923765432099;
1732;LYS;9;0.010516136002841;0.116542994325622;0.200144868217025;
1733;VAL;8;0.003729045504088;0.11344323589395;0.211712239583333;
1734;VAL;6;0.00178013597668;0.11381074168798;0.250697095196103;
1735;PHE;8;0.004896531902779;0.118645574120156;0.218636488449546;
1736;GLN;6;0.004967466557334;0.109840381767319;0.231384912761401;
1737;GLU;8;0.007867626203552;0.114063568010936;0.230790462018141;
1738;PHE;9;0.00270452951362;0.102906035612426;0.266177931048963;
1739;THR;4;8.6869233394521E-05;0.094869243888573;0.378425925925926;
1740;ASP;5;0.000193711548148;0.096543245588661;0.356176851851852;
1741;GLY;5;6.91925181192683E-05;0.094027327792647;0.356662962962963;
1742;SER;6;0.000171872197461;0.09657816682341;0.295193622973881;
1743;PHE;5;0.000628343798543;0.09680928208847;0.280300453514739;
1744;THR;3;0.000545762428599;0.098633173254525;0.444722222222222;
1745;GLN;4;1.45155718397023E-05;0.091601482091396;0.376180555555556;
1746;PRO;6;0.000911951403521;0.098823006884299;0.300785217379133;
1747;LEU;7;0.001409722104974;0.103049015824006;0.258638668430335;
1748;TYR;6;0.005083693392862;0.108881820406166;0.272634072919291;
1749;ARG;7;0.020897068146045;0.119431025228127;0.206900352733686;
1750;GLY;2;0.014687318701048;0.11374286444577;0.5;
1751;GLU;8;0.113038215570519;0.118193891102258;0.198889622110418;
1752;LEU;6;0.052639799732947;0.123257316960576;0.289476821818242;
1753;ASN;5;0.013573191573092;0.119398980413201;0.376556825209423;
1754;GLU;7;0.03262882451043;0.120454750518813;0.299662317870309;
1755;HIS;11;0.013136013118194;0.127082341742028;0.191424227327907;
1756;LEU;8;0.025096042178466;0.122364802933089;0.218121980407559;
1757;GLY;6;0.002166313913457;0.121817684095264;0.281050590820537;
1758;LEU;6;0.004516449362299;0.118487618709506;0.245187328532236;
1759;LEU;9;0.025441415108848;0.126169549191948;0.195107202345959;
1760;GLY;5;0.009948801216876;0.120552645837096;0.287925012597632;
1761;PRO;7;0.016238751244677;0.121496177648344;0.19969841763314;
1762;TYR;9;0.02747916488499;0.125199287254994;0.158536494034897;
1763;ILE;7;0.011348742056951;0.121984649122807;0.196859794372826;
1764;ARG;6;0.003263976069456;0.120847288856703;0.202011141905322;
1765;ALA;6;0.001642186977411;0.114484178029329;0.220850480109739;
1766;GLU;9;0.009407826320943;0.11226034308779;0.197637625237566;
1767;VAL;7;0.001359004804394;0.110577321295453;0.275108734914979;
1768;GLU;3;0;0.104061111544158;0.523096532851824;
1769;ASP;9;0.002291916501412;0.105592027208732;0.243554266242391;
1770;ASN;8;0.001154962466407;0.107652608660592;0.246477020640432;
1771;ILE;9;0.004318403902082;0.115106052767719;0.189890455038897;
1772;MET;9;0.002520914218445;0.106366026611425;0.234291904233115;
1773;VAL;7;0.002591872618908;0.110981793997839;0.274196451067199;
1774;THR;6;0.000457555321288;0.106019695044473;0.313109095490048;
1775;PHE;7;0.001831652123556;0.105093285050775;0.267740987551483;
1776;ARG;8;0.004177306302964;0.104878623615366;0.203870464852608;
1777;ASN;6;0.001183494631198;0.099775784753363;0.293454861111111;
1778;GLN;5;0.001755648811346;0.102755541871921;0.232044444444444;
1779;ALA;5;0.001057355402229;0.100496838301716;0.295572222222222;
1780;SER;4;0.000466343874317;0.099887766554433;0.337439236111111;
1781;ARG;6;0.003209702218499;0.107643928398645;0.252184014250362;
1782;PRO;7;0.00254948391486;0.105583676051882;0.280986709498614;
1783;TYR;9;0.00502165400546;0.113068518675362;0.195432169507413;
1784;SER;7;0.00626679351247;0.110430970303582;0.222511254312761;
1785;PHE;5;0.006947553374749;0.116869473868511;0.266615550683083;
1786;TYR;10;0.02732105714393;0.124209155191664;0.169019674103954;
1787;SER;7;0.002127378869462;0.11869831955188;0.250314041013418;
1788;SER;9;0.007870607507385;0.120737994030931;0.196100123176843;
1789;LEU;7;0.003095574300139;0.118529699014472;0.232460208195145;
1790;ILE;7;0.004810497787725;0.114044079958995;0.263658178690977;
1791;SER;5;0.000856954436993;0.110184879498184;0.318611111111111;
1792;TYR;4;0.000381378205854;0.105209236346442;0.336471442743764;
1793;GLU;7;0.00422223845378;0.106740225473735;0.231178791244389;
1794;GLU;3;0.000307619382964;0.09692877368765;0.416235827664399;
1795;ASP;5;0.000684352436681;0.100022476961115;0.314408843537415;
1796;GLN;4;7.44254878267124E-06;0.094748048261178;0.477065972222222;
1797;ARG;3;0;0.094392985929435;0.594135802469136;
1798;GLN;6;0.000404607565399;0.095650927849825;0.29536328420257;
1799;GLY;7;0.000353571911505;0.098925527973323;0.291053496228423;
1800;ALA;7;0.00094952384812;0.10061044539905;0.232639409505299;
1801;GLU;6;0.002604246502489;0.106340608570973;0.289278475021696;
1802;PRO;6;0.001271265855314;0.101036857640203;0.295036533131771;
1803;ARG;6;0.000599475092316;0.098640461061032;0.359686004031242;
1804;LYS;4;0.000237687460452;0.096949891067538;0.381058673469388;
1805;ASN;6;0.003595029060553;0.104077336867545;0.282492598891408;
1806;PHE;5;0.000932761821309;0.104337631887456;0.310025825144873;
1807;VAL;4;0.00032884388486;0.102463734745568;0.397214703010834;
1808;LYS;4;0.000221409633897;0.095891394914524;0.391602359693878;
1809;PRO;8;0.002872131260703;0.10109806891329;0.265516227324263;
1810;ASN;4;0.000119508801046;0.095275478161576;0.455529513888889;
1811;GLU;5;0.000302817234521;0.095289079229122;0.388863888888889;
1812;THR;5;0.001007963805463;0.097324487861777;0.300214795918367;
1813;LYS;4;0.000654074871623;0.101551802829758;0.386754535147392;
1814;THR;6;0.000431316616455;0.102361600981445;0.310487003443353;
1815;TYR;7;0.003938571905078;0.108536585365854;0.253329592608018;
1816;PHE;5;0.000515128986636;0.106484804977267;0.308622763920383;
1817;TRP;8;0.002741664263006;0.112667735673897;0.208331549489009;
1818;LYS;5;0.001631196730309;0.10996705107084;0.265213271604938;
1819;VAL;8;0.006061128176882;0.113849565069077;0.216049466372197;
1820;GLN;6;0.000967959353233;0.109596913225515;0.267586805555556;
1821;HIS;4;2.74940205691487E-05;0.108988488856233;0.418237847222222;
1822;HIS;8;0.005709199661776;0.117870386720819;0.226057932866434;
1823;MET;10;0.010996804084639;0.121275436046512;0.177548746535651;
1824;ALA;4;0.000452074898018;0.115036622145627;0.329543306327161;
1825;PRO;8;0.006526620011694;0.124614953794455;0.216269988898337;
1826;THR;5;0.001811814570747;0.118372051782231;0.267936167800454;
1827;LYS;2;1.14647104354498E-06;0.11089882040206;0.5;
1828;ASP;5;0.000303323445835;0.119420341712139;0.29685;
1829;GLU;6;0.005644369381021;0.124232272473478;0.250061094139302;
1830;PHE;9;0.00417505026363;0.125352112676056;0.192176118389743;
1831;ASP;7;0.009555585741357;0.126062322946176;0.194545906798093;
1832;CYS;10;0.007325915141871;0.127592468699226;0.178744244727258;
1833;LYS;10;0.070841098621547;0.133140520594395;0.184169317610893;
1834;ALA;7;0.003372613304628;0.130562347188264;0.243366385857836;
1835;TRP;12;0.017157974994447;0.129222727712709;0.141981265178396;
1836;ALA;6;0.001629782233203;0.123622557644226;0.241343592797116;
1837;TYR;11;0.023689779382789;0.12446391944807;0.159225866425542;
1838;SER;5;0.004945638361546;0.119763164977124;0.236011021834507;
1839;SER;8;0.005861070348631;0.117146367146367;0.229131862191378;
1840;ASP;5;0.002111373223983;0.115155697403606;0.283762654320988;
1841;VAL;9;0.005161939504439;0.11251580278129;0.229222429808081;
1842;ASP;5;0.000469037602942;0.111046414906006;0.349605086215692;
1843;LEU;8;0.047771740352933;0.12157362717421;0.205212895806231;
1844;GLU;5;0.000324723367084;0.11439588688946;0.368867789001122;
1845;LYS;6;0.001326300289994;0.112241466285522;0.298868779528953;
1846;ASP;11;0.01346626618788;0.119121977335594;0.201750878114984;
1847;VAL;9;0.037408764283874;0.126050420168067;0.172348102234466;
1848;HIS;11;0.014195097106035;0.121319520174482;0.167589015301016;
1849;SER;8;0.011849610976595;0.116107149069403;0.207360896765109;
1850;GLY;5;0.00121647577515;0.115175567250453;0.302439355677992;
1851;LEU;9;0.010444786842077;0.119935315784745;0.184302800795673;
1852;ILE;8;0.032440250539936;0.128020713463751;0.174839977664907;
1853;GLY;4;8.07143922931726E-05;0.119527262959979;0.356061502812213;
1854;PRO;6;0.007332633735208;0.126408484045071;0.200910798501287;
1855;LEU;9;0.005728994022384;0.122465828823044;0.171475319859793;
1856;LEU;8;0.004408474856329;0.128724327451548;0.216578911163962;
1857;VAL;9;0.003525143579657;0.12293949719127;0.200654625819235;
1858;CYS;9;0.008689224425309;0.120302784536361;0.194957811542541;
1859;HIS;7;0.003563238847624;0.118058012026884;0.238522869843327;
1860;THR;6;0.000726651687504;0.108466038349041;0.305941576733574;
1861;ASN;2;0;0.100998638220608;0.680555555555556;
1862;THR;6;0.002117086469114;0.11167809938096;0.287758229577839;
1863;LEU;8;0.006247321258849;0.111445028800401;0.209825303819444;
1864;ASN;6;0.005323374571308;0.108088413893612;0.344666280864198;
1865;PRO;3;0.000184354769794;0.101520912547529;0.512538580246913;
1866;ALA;4;0.000204325942914;0.099932629687851;0.505208333333333;
1867;HIS;3;0.003493159631109;0.102126682986536;0.435956790123457;
1868;GLY;3;0.000216819644118;0.101389838231943;0.435956790123457;
1869;ARG;4;0.001433085691909;0.110385315032247;0.283203125;
1870;GLN;8;0.008886341597314;0.115634473798181;0.237928602430556;
1871;VAL;3;0;0.106357552581262;0.671682098765432;
1872;THR;3;0;0.106357552581262;0.671682098765432;
1873;VAL;6;0.00257779220483;0.117714487258619;0.321919367283951;
1874;GLN;10;0.007625667136878;0.124324827714658;0.184860367850844;
1875;GLU;5;0.001179578010795;0.12650431157017;0.292871283512309;
1876;PHE;9;0.083618742872194;0.133339992009588;0.18665967125966;
1877;ALA;3;0.000347577144886;0.124475524475524;0.380598701512163;
1878;LEU;8;0.013850202828409;0.134238310708899;0.201794164425836;
1879;PHE;10;0.027721328360896;0.133553421368547;0.151127317964223;
1880;PHE;7;0.009127325588032;0.133888276000401;0.212347234091926;
1881;THR;7;0.003917055615526;0.128414774913428;0.20702286905607;
1882;ILE;8;0.016435238887484;0.124313250768228;0.188931983761614;
1883;PHE;7;0.007034955618521;0.124116772034213;0.195504485906354;
1884;ASP;4;0.002274707053622;0.113385425513844;0.289171006944444;
1885;GLU;8;0.00275292421438;0.110084934443803;0.21770745610285;
1886;THR;3;0;0.101908396946565;0.604237528344671;
1887;LYS;4;0.000259953290708;0.109408293722341;0.468304662171342;
1888;SER;7;0.001150691352755;0.109750082209799;0.267522453196154;
1889;TRP;8;0.006709416061997;0.106416899163013;0.186019780742158;
1890;TYR;4;0.000174352697915;0.098436808730276;0.472057291666667;
1891;PHE;6;0.001148454582473;0.098538529672276;0.43011359739369;
1892;THR;5;1.28988475264775E-05;0.094929958045936;0.459827160493827;
1893;GLU;9;0.008309872214588;0.10461562573466;0.277925906873952;
1894;ASN;5;3.74166403511282E-06;0.094822075431494;0.496086419753086;
1895;MET;5;0.001689100055492;0.095017793594306;0.404222222222222;
1896;GLU;3;0.00089824893776;0.09503132118451;0.408285322359396;
1897;ARG;4;0.001525399543636;0.091319515698748;0.25;
1898;ASN;3;0.001294075871596;0.087186520376176;0.333333333333333;
1899;CYS;2;0.000354232332077;0.081816510387939;0.5;
1900;ARG;4;0.000876168392281;0.084317564580307;0.25;
1901;ALA;3;0.003950008285082;0.091588913282108;0.333333333333333;
1902;PRO;2;0.001498127340824;0.08392004023133;0.5;
1903;CYS;1;0;0.077427212620346;1;
1904;ASN;4;0.001349601528485;0.09161405435081;0.337439236111111;
1905;ILE;2;0;0.079365079365079;0.72;
1906;GLN;5;0.000613115278484;0.086190199496417;0.411397222222222;
1907;MET;6;0.000185187158645;0.086363048259801;0.370131172839506;
1908;GLU;3;0;0.086173508907823;0.587978395061728;
1909;ASP;5;0.002321714072108;0.094080338266385;0.433477777777778;
1910;PRO;5;0.000885199234671;0.086190199496417;0.443941666666667;
1911;THR;8;0.004787428580901;0.09412013536379;0.310946180555556;
1912;PHE;6;0.009316482098175;0.100496838301716;0.281755401234568;
1913;LYS;6;0.009046651110017;0.103616889164856;0.334216820987654;
1914;GLU;5;0.008925448416635;0.114131828674019;0.352716666666667;
1915;ASN;5;0.010525088554693;0.110376188507648;0.401869444444445;
1916;TYR;6;0.003045501844082;0.105885152284264;0.315812114197531;
1917;ARG;8;0.020314963620007;0.123599666697528;0.178555544904343;
1918;PHE;11;0.020199683112802;0.120487364620939;0.152142425075325;
1919;HIS;10;0.013614297128694;0.124128312412831;0.185746535235771;
1920;ALA;8;0.003789097391397;0.125211029825549;0.202820011551417;
1921;ILE;10;0.013947797538489;0.132348567463071;0.181568516740056;
1922;ASN;9;0.005611287515788;0.126961483594864;0.202666500867258;
1923;GLY;8;0.003490810142222;0.122107381322601;0.207123394216789;
1924;TYR;11;0.026417982422916;0.125234521575985;0.190709444475678;
1925;ILE;10;0.014158645431103;0.122984799631506;0.202839790314996;
1926;MET;5;0.005255511330729;0.118550750377409;0.287756848634771;
1927;ASP;6;0.006428575646405;0.12072707542051;0.277450917352538;
1928;THR;6;0.00555770935475;0.118878005342832;0.297436300622177;
1929;LEU;8;0.008789164979982;0.127215551743854;0.217856323010628;
1930;PRO;7;0.022751303993386;0.123120907497925;0.277311567456015;
1931;GLY;4;0.000351763248445;0.119559376679205;0.421468417945691;
1932;LEU;10;0.014731967420691;0.125528913963329;0.183837045665374;
1933;VAL;4;0.000183244305652;0.119602221824046;0.375260416666667;
1934;MET;12;0.097481284700769;0.132322331251858;0.15604630122538;
1935;ALA;7;0.00199821679195;0.121895544192841;0.25516298185941;
1936;GLN;10;0.023660609276212;0.120650700406688;0.207700949546485;
1937;ASP;3;2.11067387508082E-06;0.112090680100756;0.440521541950113;
1938;GLN;5;0.005622482695823;0.121231383944788;0.313422423784329;
1939;ARG;6;0.006694415231596;0.124638222388199;0.254917275552196;
1940;ILE;9;0.00558056969687;0.127324749642346;0.192493921266769;
1941;ARG;12;0.016913620816185;0.128451842586356;0.14161851172161;
1942;TRP;11;0.075702193325133;0.137813564571075;0.149667510874013;
1943;TYR;13;0.084402641784855;0.136656771419797;0.147169135847749;
1944;LEU;8;0.041079165512648;0.137628865979381;0.179329066142285;
1945;LEU;9;0.011628893471244;0.132269890022788;0.152003620804496;
1946;SER;6;0.006726567376757;0.13306089903319;0.252198645404664;
1947;MET;6;0.012785612901358;0.130053580126644;0.18891975308642;
1948;GLY;3;9.86025203877014E-05;0.118708874266406;0.408285322359396;
1949;SER;5;0.000258576841893;0.121132383631249;0.354175308641975;
1950;ASN;10;0.036912473113688;0.128649898814686;0.193689810090703;
1951;GLU;8;0.022516894864485;0.127653471026965;0.203614125192901;
1952;ASN;9;0.007721783358243;0.128353042976637;0.212094673145893;
1953;ILE;10;0.026595568159903;0.133553421368547;0.178649267931844;
1954;HIS;9;0.007297800359773;0.130639005773559;0.187201524599148;
1955;SER;10;0.009475336869391;0.131916996047431;0.186697005967217;
1956;ILE;9;0.019633802798262;0.135891693811075;0.172254196488838;
1957;HIS;8;0.024060760245624;0.132915173237754;0.180409341832798;
1958;PHE;8;0.012102761399465;0.129536192509218;0.197612677022427;
1959;SER;7;0.001600996106565;0.122522026431718;0.25269138437688;
1960;GLY;4;0.000784243261518;0.121407784648963;0.366749043367347;
1961;HIS;7;0.001791876271246;0.121795456618922;0.204270385024758;
1962;VAL;8;0.005756109082356;0.124371157070989;0.192904730902778;
1963;PHE;8;0.006895256053038;0.126169549191948;0.197126669678288;
1964;THR;6;0.001530325702898;0.120694331434771;0.263480340695949;
1965;VAL;8;0.012466392903926;0.129072802861839;0.217926417528817;
1966;ARG;8;0.003980421344227;0.123576784226604;0.226660640963561;
1967;LYS;7;0.007242903525979;0.122578275640437;0.276707563977972;
1968;LYS;5;0.000335274989678;0.115634473798181;0.308866213151928;
1969;GLU;7;0.001675131897485;0.121330546214669;0.271884631403582;
1970;GLU;7;0.002163807440929;0.12;0.249979753806284;
1971;TYR;7;0.013064008371957;0.123473917869034;0.230841836734694;
1972;LYS;8;0.007175889611146;0.122398459704777;0.177810772746599;
1973;MET;7;0.014008537002317;0.129662004662005;0.205750818846057;
1974;ALA;6;0.004382791450596;0.126492325184764;0.262908088904286;
1975;LEU;8;0.012252106554358;0.133633633633634;0.193984746531715;
1976;TYR;8;0.011014694917025;0.1325325126576;0.203606482957766;
1977;ASN;9;0.010201409210148;0.133740733319976;0.196376314586191;
1978;LEU;9;0.036958979909155;0.139367366113373;0.187886051311242;
1979;TYR;8;0.039047939719619;0.137388082741587;0.192918957368827;
1980;PRO;8;0.017917946605917;0.131838830732767;0.194868103780864;
1981;GLY;5;0.011559881567055;0.132099742727093;0.275871913580247;
1982;VAL;9;0.019303668098217;0.134902991107518;0.189867065824958;
1983;PHE;7;0.004929389780229;0.130677368833203;0.204037216360467;
1984;GLU;4;0.001440353362454;0.131604889589905;0.317287346072688;
1985;THR;7;0.009287556315911;0.130779780564263;0.214546794707234;
1986;VAL;6;0.002136782453121;0.127385496183206;0.254741446805315;
1987;GLU;7;0.003668204804751;0.125164072754547;0.229678445452255;
1988;MET;8;0.00774861265176;0.128662297609869;0.171312305305262;
1989;LEU;3;4.22405324486331E-05;0.117074454091029;0.454266975308642;
1990;PRO;10;0.006831877901981;0.122803789899733;0.191017331191736;
1991;SER;6;0.016149146400677;0.119570085087326;0.263944318468128;
1992;LYS;6;0.005977350029075;0.117912029676736;0.276851851851852;
1993;ALA;6;0.010099131121852;0.118141592920354;0.247746913580247;
1994;GLY;5;0.002459427168745;0.11552440290758;0.251733333333333;
1995;ILE;6;0.005017333752643;0.117839173801748;0.239831961591221;
1996;TRP;10;0.023686204732537;0.123565346168086;0.169056016943815;
1997;ARG;12;0.036170907605681;0.128898329632133;0.16644063212991;
1998;VAL;7;0.003707392332102;0.129423170140572;0.241713120433358;
1999;GLU;8;0.00905790753722;0.126913204677251;0.214994426063386;
2000;CYS;8;0.002208379696442;0.127653471026965;0.235840782231016;
2001;LEU;7;0.00675263566931;0.128143597619505;0.215737841203209;
2002;ILE;11;0.011373477681449;0.128773994405325;0.174143402693186;
2003;GLY;8;0.002795682613946;0.123771555720378;0.230534763932356;
2004;GLU;7;0.003845810315537;0.123508187621427;0.27378913950718;
2005;HIS;12;0.028475043671098;0.129160216718266;0.158526370117301;
2006;LEU;12;0.013195908366273;0.127751196172249;0.172036247709417;
2007;HIS;7;0.007847346106115;0.120172832838239;0.264873801939521;
2008;ALA;7;0.008335339937817;0.123394029023015;0.249254130223518;
2009;GLY;7;0.002121531143392;0.121884415228704;0.245847504984363;
2010;MET;13;0.020104972535338;0.130651790957134;0.144448672850688;
2011;SER;8;0.006651486332724;0.125741734953377;0.226759253188146;
2012;THR;8;0.006983477279403;0.127690100430416;0.219548190369898;
2013;LEU;6;0.002767256349565;0.122376019800165;0.287127700617284;
2014;PHE;8;0.009231748537959;0.125305049746574;0.169392361111111;
2015;LEU;6;0.004416887532277;0.12224155297134;0.275111882716049;
2016;VAL;10;0.010597453191363;0.124266964535046;0.191677026643991;
2017;TYR;8;0.101275032947938;0.124824684431978;0.199081809807256;
2018;SER;6;0.044805071860668;0.116593886462882;0.274382834152179;
2019;ASN;5;0.027245960186315;0.115334773218143;0.276296453766692;
2020;LYS;3;0.016216629515206;0.108307642381957;0.475627519526329;
2021;CYS;7;0.045843753200968;0.109741060419236;0.257654320987654;
2022;GLN;8;0.013260319161473;0.102259670624282;0.210362302473073;
2023;THR;8;0.013189157918675;0.102487333026255;0.226219490110859;
2024;PRO;5;0.002215683690211;0.094667423060559;0.32733024691358;
2025;LEU;9;0.018314923019522;0.097388386343741;0.185082815819515;
2026;GLY;9;0.005223029140945;0.090117456460105;0.252585763043215;
2027;MET;5;0.002261324204094;0.091232146518144;0.283252790375409;
2028;ALA;4;0.000892626132848;0.086018041237113;0.384681230709877;
2029;SER;3;9.91771211067369E-06;0.082934708330745;0.524348422496571;
2030;GLY;4;9.30851712390881E-05;0.083840984739057;0.446168745275888;
2031;HIS;6;0.020704897546917;0.091039279869067;0.291923413398281;
2032;ILE;7;0.002556638857637;0.090141796083727;0.274212159542577;
2033;ARG;5;0.004048712824304;0.087146680592728;0.372059410430839;
2034;ASP;5;0.003373397082271;0.084966904276986;0.384985714285714;
2035;PHE;4;0.000419002371642;0.084864280719598;0.512142857142857;
2036;GLN;7;0.004284538783605;0.090977238653401;0.281600143458744;
2037;ILE;7;0.006598721539705;0.089243933418009;0.242781740247119;
2038;THR;6;0.000705188275622;0.083338535489107;0.299606127173091;
2039;ALA;6;0.0023548131443;0.08243793997777;0.285420349001247;
2040;SER;4;0.000364658071621;0.076281355351123;0.349678287981859;
2041;GLY;5;0.00040451082164;0.076706504251896;0.327482712093102;
2042;GLN;6;0.000856134275968;0.076561335092046;0.247501749743362;
2043;TYR;7;0.000177934762132;0.072064777327935;0.228756768013328;
2044;GLY;3;1.62981725571217E-06;0.071971534853631;0.487456637077849;
2045;GLN;4;2.21305509738611E-05;0.072581960528462;0.395019836145546;
2046;TRP;11;0.007392627777492;0.077386818155469;0.175597551203165;
2047;ALA;8;0.00196582813549;0.07814786629983;0.238527271058217;
2048;PRO;6;0.003262038315171;0.082565402931536;0.242691478470023;
2049;LYS;4;0.001923876148959;0.078975390440133;0.331814236111111;
2050;LEU;6;0.000921405907268;0.07814786629983;0.207536139455782;
2051;ALA;4;0.001673081270233;0.083583771600301;0.337332773760331;
2052;ARG;8;0.006313964709874;0.08689143452226;0.218784516965743;
2053;LEU;4;0.000806320591575;0.080373269114991;0.391418517561983;
2054;HIS;5;0.0011815777051;0.080238009376127;0.31625;
2055;TYR;4;0.000153665017326;0.074622694242594;0.409765625;
2056;SER;5;8.80636022943291E-06;0.072220719502299;0.415663888888889;
2057;GLY;3;0;0.072181670721817;0.607916666666667;
2058;SER;5;3.35552846558623E-05;0.072369490974142;0.422637167125804;
2059;ILE;5;6.265578877443E-05;0.072831423895254;0.295961157024793;
2060;ASN;8;0.004267313125714;0.077779072477278;0.246984737507262;
2061;ALA;7;0.000495450257034;0.077937999883239;0.223763577592041;
2062;TRP;11;0.013117431003706;0.082955322189772;0.148182927487134;
2063;SER;7;0.000306577550785;0.07685664939551;0.255412701089881;
2064;THR;7;0.0011905620055;0.076821268270227;0.23552653107119;
2065;LYS;6;7.26626622899626E-05;0.071508918528041;0.281978772990678;
2066;GLU;3;0.000106750875415;0.074962097815711;0.435956790123457;
2067;PRO;4;0.000537758035687;0.07579198364937;0.368835034013605;
2068;PHE;1;0;0.075504779141451;1;
2069;SER;5;0.005152000936983;0.081666360800147;0.2;
2070;TRP;8;0.008763159646182;0.088545466604762;0.245679529045414;
2071;ILE;7;0.014669966472399;0.088615997344839;0.281832767284497;
2072;LYS;7;0.001823960089624;0.089633409426615;0.259591634272757;
2073;VAL;8;0.015068158527996;0.096592142392012;0.192370073319875;
2074;ASP;6;0.003956863421272;0.097041506142328;0.274552013100669;
2075;LEU;7;0.007411513097926;0.098075227740229;0.257645502645503;
2076;LEU;5;0.000759262420614;0.091501028101439;0.38603552532124;
2077;ALA;4;0.000597467455139;0.094067080045096;0.425292422524565;
2078;PRO;6;0.005992664291329;0.100914657192532;0.26065243484225;
2079;MET;6;0.000940003830852;0.099013572647037;0.269494178844377;
2080;ILE;8;0.001880066906055;0.102197045089183;0.228675740406116;
2081;ILE;7;0.002063188318044;0.100648371531966;0.229072849661406;
2082;HIS;9;0.015304435981409;0.10785264178381;0.196550550718687;
2083;GLY;4;0.000342415642072;0.100202657059221;0.320928287981859;
2084;ILE;6;0.000900012819787;0.092317267132287;0.26719139739229;
2085;LYS;5;0.002825768631264;0.092317267132287;0.280802777777778;
2086;THR;8;0.009499720224451;0.090184422076606;0.186904217265419;
2087;GLN;9;0.002663321199871;0.085341686377293;0.204937917846835;
2088;GLY;7;0.003546420287252;0.079115799454783;0.265732630364665;
2089;ALA;3;7.98954003955761E-06;0.073424265757342;0.471662327482433;
2090;ARG;4;0.000411535798771;0.068623419348206;0.29216049382716;
2091;GLN;5;0.004117826291254;0.072056997894964;0.333333333333333;
2092;LYS;3;1.28876112506451E-05;0.067315449778136;0.468641975308642;
2093;PHE;3;3.74344662874555E-07;0.067234085414988;0.628641975308642;
2094;SER;3;1.28876112506451E-05;0.067315449778136;0.468641975308642;
2095;SER;5;6.80727331152859E-05;0.071390374331551;0.320277777777778;
2096;LEU;9;0.002531534690419;0.073614557485525;0.20398484084992;
2097;TYR;7;0.00094448771595;0.07677267237909;0.221367945326279;
2098;ILE;9;0.003984258643434;0.082914104713993;0.156596046054453;
2099;SER;4;2.76150009569295E-05;0.08631837579206;0.417586805555556;
2100;GLN;5;0.011058602124477;0.09278565471226;0.335902777777778;
2101;PHE;9;0.014026505196215;0.095596133190118;0.202427178690406;
2102;ILE;5;0.001627707937696;0.09541166380789;0.296087962962963;
2103;ILE;8;0.023820663984559;0.104500978473581;0.184359302169942;
2104;MET;7;0.012005635556638;0.102228348265564;0.203636778785588;
2105;TYR;9;0.057471416955072;0.111027944111776;0.190437985307982;
2106;SER;8;0.002552773696068;0.102330216158209;0.267828432815581;
2107;LEU;6;0.001054216775336;0.097552064303983;0.331003461948327;
2108;ASP;6;0.000771228557241;0.09440633618556;0.366007343000714;
2109;GLY;5;0.000445348644961;0.093533244587683;0.423448788440996;
2110;LYS;3;0;0.086424548456011;0.632839506172839;
2111;LYS;5;0.000365902806903;0.093245791716142;0.431492176870748;
2112;TRP;7;0.008378291136462;0.101036857640203;0.241502130925832;
2113;GLN;4;3.80980677783291E-05;0.10109806891329;0.348624692932729;
2114;THR;2;4.27275110752936E-06;0.10083081570997;0.5;
2115;TYR;12;0.050184009067103;0.111138861138861;0.144299053340472;
2116;ARG;8;0.009492265903585;0.108149708360337;0.247701822916667;
2117;GLY;5;0.001162069491406;0.108430799220273;0.331805555555556;
2118;ASN;3;0.000190293019304;0.100739511017205;0.422345679012346;
2119;SER;4;0.000360788118531;0.098976868327402;0.346137152777778;
2120;THR;4;0.003354459740115;0.09976832822659;0.361328125;
2121;GLY;4;0.001004630670141;0.098509445100354;0.454644097222222;
2122;THR;2;0;0.090545306565383;0.730902777777778;
2123;LEU;6;0.002402354416182;0.099101774181575;0.297164351851852;
2124;MET;6;0.001471211995099;0.100785142684584;0.302228009259259;
2125;VAL;3;1.10320110879704E-05;0.092489954274629;0.487847222222222;
2126;PHE;8;0.025765486468197;0.101590442127692;0.201057969773558;
2127;PHE;6;0.003020322230729;0.093967762370662;0.316994126354245;
2128;GLY;4;0.000943596970275;0.088340391741662;0.358072916666667;
2129;ASN;6;0.002354606852903;0.084547181760608;0.256200178116514;
2130;VAL;3;0.000444841100139;0.07815244116614;0.42984693877551;
2131;ASP;4;0.00027612931158;0.073416190057193;0.317743764172336;
2132;SER;6;0.001436026392029;0.078938032166509;0.267512760307674;
2133;SER;5;0.0014096848058;0.081491881333171;0.351732174351222;
2134;GLY;4;0.000519932222667;0.081120495837638;0.395547052154195;
2135;ILE;7;0.007564199571196;0.087869413545712;0.270814909297052;
2136;LYS;6;0.001454318078806;0.091144944357206;0.269625732237339;
2137;HIS;6;0.010903342168406;0.095357142857143;0.248786848072562;
2138;ASN;7;0.003491057173474;0.096480450964805;0.213947152935248;
2139;ILE;6;0.00129866635623;0.099910193084868;0.238673911179698;
2140;PHE;10;0.015343868547024;0.108466038349041;0.202242335915848;
2141;ASN;5;0.000864933978563;0.105350378787879;0.314222222222222;
2142;PRO;6;0.001447448020187;0.106298272155426;0.297700617283951;
2143;PRO;5;0.015569453512281;0.113655712583007;0.311324263038549;
2144;ILE;7;0.004077132967568;0.107531212243254;0.216137174068418;
2145;ILE;4;4.4630764796177E-05;0.098947524458939;0.366847462364575;
2146;ALA;9;0.010201912482579;0.104829210836278;0.229219251592455;
2147;ARG;9;0.002945418580813;0.09854580349893;0.265636348890284;
2148;TYR;11;0.022446601974245;0.102929838087895;0.187497028885016;
2149;ILE;8;0.004503495419117;0.097559193218357;0.189233669445596;
2150;ARG;9;0.026074313710263;0.096355106459762;0.206939720332577;
2151;LEU;7;0.003280955732096;0.08871021330321;0.241996085093145;
2152;HIS;8;0.003805677063372;0.093928093998452;0.24583343667328;
2153;PRO;6;0.002188684026041;0.087927287097412;0.293490151976428;
2154;THR;6;0.000459154152;0.087927287097412;0.309265046296296;
2155;HIS;6;0.009770893508126;0.086273749515316;0.27362247085048;
2156;TYR;8;0.008627484834078;0.080825815826119;0.209714624275636;
2157;SER;6;0.000531336347472;0.075021073335207;0.335150939748327;
2158;ILE;6;0.000629791408927;0.07503794053173;0.317251800411523;
2159;ARG;10;0.001543319611998;0.076111744583808;0.202952688019652;
2160;SER;6;7.7002437448465E-05;0.076064041934933;0.284263747165533;
2161;THR;7;0.002073770581989;0.077947101068488;0.221791147797862;
2162;LEU;9;0.006549249119974;0.084158103763475;0.1697674190053;
2163;ARG;11;0.009604642839919;0.0840574234983;0.162883306368155;
2164;MET;10;0.012949753652668;0.090847226947942;0.179171138149168;
2165;GLU;8;0.009620214848918;0.092792103982762;0.217322771990741;
2166;LEU;6;0.003947865223136;0.093611948671201;0.227588734567901;
2167;MET;9;0.01293412319452;0.100232750206472;0.190305593659503;
2168;GLY;8;0.004689965561969;0.101598173515982;0.237076109378937;
2169;CYS;6;0.010761805912009;0.108793089397767;0.25347123803225;
2170;ASP;6;0.002290519588108;0.101846200793409;0.266472741874528;
2171;LEU;5;0.007191437939944;0.107306486616831;0.290498866213152;
2172;ASN;6;0.003129716518179;0.108899583979117;0.276125598387503;
2173;SER;7;0.038674261759929;0.117146367146367;0.201530872553103;19.3
2174;CYS;7;0.029477485409448;0.108979591836735;0.222630038409922;9.3
2175;SER;4;0.000736676727755;0.101090413448433;0.324905222505669;105
2176;MET;8;0.057480036134778;0.103866801524936;0.213384073247354;43.8
2177;PRO;4;0.014606288055531;0.095863851788022;0.356741799729151;124.5
2178;LEU;9;0.045764418461665;0.09853125691933;0.189942103384564;26.3
2179;GLY;7;0.001746222472733;0.090514611160079;0.289174739434701;10
2180;MET;12;0.029318056319703;0.09185358469795;0.17369622916496;16.7
2181;GLU;7;0.00016698786442;0.084740383394693;0.289093975899237;69.2
2182;SER;5;1.36801286040729E-05;0.084189947657186;0.379325850340136;85.3
2183;LYS;5;1.23075887934644E-05;0.084450910931174;0.357838085659731;113
2184;ALA;3;1.17428355556482E-06;0.083872589055727;0.481250804848688;
2185;ILE;9;0.014053278253999;0.091375770020534;0.204456309559992;12.3
2186;SER;4;0.000346213820495;0.085686777920411;0.410447570231796;94
2187;ASP;4;0.001234730366358;0.084370852556405;0.37135625510152;22.8
2188;ALA;3;1.56332199134327E-05;0.082260151580504;0.50031887755102;
2189;GLN;7;0.003996523055252;0.089059372915277;0.244628736226161;66.2
2190;ILE;8;0.013231272306476;0.086564647905589;0.206383662840136;15.8
2191;THR;3;2.35262384474468E-05;0.082565402931536;0.459726508916324;139.3
2192;ALA;6;0.002192402033515;0.08213868208946;0.268164735029814;
2193;SER;5;0.001125025276729;0.076759429622815;0.281736621315193;8.7
2194;SER;5;0.001073249508116;0.07309861468543;0.305747706189914;7.5
2195;TYR;5;0.002800148372324;0.07478153708268;0.255969444444444;69.2
2196;PHE;8;0.001048920476296;0.069957553843735;0.214581551949484;121.3
2197;THR;4;0.00034400594571;0.069752860651027;0.385182291666667;57.3
2198;ASN;6;0.000735241950792;0.06545721990684;0.344425154320988;45.1
2199;MET;2;0;0.06175695054818;0.730902777777778;105.8
2200;PHE;4;0.000787750304868;0.065682656826568;0.454861111111111;98.6
2201;ALA;6;0.000736014522972;0.069829480071137;0.321319873113855;
2202;THR;6;0.0007111190642;0.069712793733682;0.260408950617284;64.9
2203;TRP;9;0.004344095465064;0.074987361680616;0.170969606247083;21.5
2204;SER;6;0.002088045780844;0.074802487813078;0.255788751714678;80.8
2205;PRO;10;0.013087678958843;0.080611074210495;0.173021649641644;91
2206;SER;5;0.002550988841017;0.078821515026274;0.298261330476482;93
2207;LYS;9;0.00398897248802;0.075325847768437;0.194796968169984;
2208;ALA;8;0.005173848751367;0.079544777453375;0.212735774888229;
2209;ARG;11;0.016634844697604;0.085048098362745;0.17578668956104;9.8
2210;LEU;8;0.009011020810478;0.084248390761075;0.213463194800705;16.5
2211;HIS;3;7.91559287476736E-06;0.078042792002806;0.451024519890261;6.1
2212;LEU;8;0.003592494111438;0.078816861494864;0.215989358149041;147.3
2213;GLN;3;0.000331074716292;0.073126643295355;0.517554012345679;187
2214;GLY;3;2.41452307554088E-06;0.068860576675092;0.542484567901234;72
2215;ARG;5;0.00012548043114;0.070163451936722;0.320570987654321;137.7
2216;SER;6;0.001950556696879;0.070248368764471;0.277689471879287;
2217;ASN;8;0.001724815075771;0.073916172969382;0.246344312464569;151.3
2218;ALA;7;0.000423575309562;0.075419467826677;0.226021576827854;
2219;TRP;11;0.010705992230911;0.078079307521348;0.144295556836141;6.4
2220;ARG;6;0.002019195808307;0.072645154268923;0.239385140211409;5.7
2221;PRO;7;0.001381372064752;0.072637249034224;0.248863659788984;61.8
2222;GLN;4;2.23267418117728E-05;0.0682934315531;0.399937021683673;141
2223;VAL;4;6.57699641113273E-05;0.068262003374751;0.304288903061224;
2224;ASN;4;5.71495084129189E-05;0.067708069178881;0.372448979591837;27.3
2225;ASN;5;0.000959843564858;0.072728263238178;0.233125;94
2226;PRO;2;3.75438710007995E-05;0.07207644962747;0.5;72
2227;LYS;4;0.000631765690908;0.076710911911739;0.394459904442149;44.3
2228;GLU;8;0.003370015349288;0.078248637242835;0.222584123719219;17.1
2229;TRP;7;0.004177671535074;0.082693260654113;0.241666908941072;7.3
2230;LEU;7;0.010124909307228;0.083401012057225;0.221018076517789;14.8
2231;GLN;9;0.020903754126511;0.088621879978757;0.215645548914582;49.7
2232;VAL;7;0.005885379358697;0.089886883921357;0.20919130596305;16.5
2233;ASP;4;4.20699625328953E-05;0.088276135687364;0.372876039304611;13
2234;PHE;9;0.014523640073889;0.096167699178793;0.200219673145893;10
2235;GLN;5;0.004469870933209;0.092586171024343;0.346894368858655;57
2236;LYS;6;0.001353918069976;0.096529284164859;0.308716349451303;45.3
2237;THR;5;0.000977120721247;0.097516435354273;0.298366049382716;9
2238;MET;9;0.01378300074779;0.100891777509069;0.202613370908491;31.5
2239;LYS;5;0.021924738966357;0.106163021868787;0.312187150415722;59
2240;VAL;9;0.016714144188315;0.097324487861777;0.191241671565746;14
2241;THR;6;0.023270009155035;0.102306690167829;0.261604255899891;43
2242;GLY;6;0.007681240993519;0.095616673828964;0.302689375647378;71
2243;VAL;6;0.006036727744979;0.088159545664664;0.289964206104252;13.8
2244;THR;5;0.003731431930203;0.085544021530181;0.343837037037037;116.3
2245;THR;6;0.003295145172495;0.080031173191056;0.245291923868313;9.5
2246;GLN;9;0.00357521658503;0.07876570889138;0.198452503429355;18.5
2247;GLY;6;0.000727675167482;0.073440422488723;0.211375241454607;10.5
2248;VAL;9;0.005409175738242;0.073989912985645;0.21665826824557;31.3
2249;LYS;6;0.004453185279701;0.073769133005471;0.30008715111559;
2250;SER;6;0.002356984729911;0.068995813737144;0.335749349122365;87.3
2251;LEU;3;0.000272449284741;0.064555125725339;0.628641975308642;131.3
2252;LEU;2;0;0.061751237337527;0.804444444444444;132
2253;THR;5;0.001280880760623;0.06580893226856;0.414369160997732;77.7
2254;SER;7;0.001145896337545;0.069024352411975;0.29437427049429;17
2255;MET;10;0.002637294977119;0.070400253124506;0.201599741748551;29.5
2256;TYR;6;0.001025919183495;0.071447685309071;0.269483024691358;62.5
2257;VAL;8;0.00175714895209;0.073818081282831;0.181044545422336;18
2258;LYS;5;0.000264355144313;0.071417108008345;0.304769444444444;65
2259;GLU;8;0.001924848906707;0.074827644190348;0.248816410678855;44.8
2260;PHE;8;0.004091357732138;0.080460462873674;0.22868059142562;8.8
2261;LEU;8;0.000898319845516;0.079421738354453;0.226263208114111;115
2262;ILE;9;0.006648048823379;0.084983130689414;0.189525913434978;10.3
2263;SER;8;0.015241258576021;0.087719298245614;0.225116958269141;81.7
2264;SER;8;0.004052073272744;0.088781006849771;0.223423738563713;60.3
2265;SER;7;0.002263751608439;0.088486776695168;0.268732520786092;11.5
2266;GLN;4;0.002174891490609;0.092202500172664;0.363349011479592;51
2267;ASP;5;0.002855204166301;0.085609849942286;0.339705845301083;13.3
2268;GLY;2;0;0.078872740163063;0.804444444444444;104.3
2269;HIS;3;9.85242779466075E-06;0.079031494198437;0.521111111111111;82
2270;GLN;3;0.000147725664197;0.081731357903759;0.407470395565634;73.5
2271;TRP;6;0.000302697345279;0.082432849644952;0.299261113910585;7.8
2272;THR;4;0.000285100481411;0.082184191085939;0.413953993055556;51
2273;LEU;6;0.001428251458437;0.081258749771745;0.25280289430587;87
2274;PHE;7;0.004466078246394;0.084499018925248;0.222265044528771;74.5
2275;PHE;6;0.000438385877711;0.078019987142774;0.368179484756866;68.5
2276;GLN;7;0.005268337735964;0.080869881269687;0.251440372067194;14.3
2277;ASN;1;0;0.074823450285842;1;98
2278;GLY;3;0;0.07486121235911;0.629094230284706;98
2279;LYS;4;1.01094140575266E-05;0.075156223610877;0.508473639455782;
2280;VAL;5;0.000194068062704;0.076202979622125;0.326794444444444;87
2281;LYS;5;0.000548228312502;0.077047382697524;0.2871;68.1
2282;VAL;4;0.000599874539179;0.074539363484087;0.400850694444444;66.3
2283;PHE;8;0.005592339401607;0.080247655686463;0.215772574365394;13.5
2284;GLN;3;1.48963377576566E-05;0.069752860651027;0.514861111111111;114
2285;GLY;3;0.000816991200508;0.075372628726287;0.411736111111111;10.3
2286;ASN;8;0.006718352901494;0.076055375149547;0.231244333526235;49
2287;GLN;3;0;0.07075096719487;0.568287037037037;
2288;ASP;6;0.000565380192036;0.070818524216222;0.330304311539431;12
2289;SER;7;0.00011590306101;0.069567483064096;0.280997925247196;115
2290;PHE;4;7.4555279196467E-06;0.069433608987362;0.448459467120181;14.3
2291;THR;5;0.000618614430513;0.073094612352168;0.338356638951877;7.8
2292;PRO;4;0.000955801015827;0.078437132784959;0.370548321759259;90.7
2293;VAL;5;0.008678980451033;0.081090931179008;0.30645;13.3
2294;VAL;5;0.019860428295369;0.087477884804403;0.305155555555556;102.3
2295;ASN;5;0.00755620734987;0.085659287776708;0.253294444444444;5.3
2296;SER;3;0.002354308227111;0.089136676236897;0.402970679012346;52.8
2297;LEU;8;0.009645651132602;0.090465541776784;0.238071617535903;9.8
2298;ASP;3;0;0.086240310077519;0.568287037037037;17.3
2299;PRO;6;0.006727808994374;0.086880124951191;0.311274683484505;10.8
2300;PRO;6;0.00574555987056;0.093684210526316;0.328552685220179;14
2301;LEU;7;0.019521793165342;0.094640578477244;0.221382432602671;10.6
2302;LEU;6;0.024528982375019;0.099168028524736;0.233543643794967;6.9
2303;THR;10;0.009057887732353;0.096299502272236;0.195930015432099;22.3
2304;ARG;8;0.050886811516512;0.099611998209223;0.226298707561728;19.9
2305;TYR;9;0.027181621798109;0.093559464573551;0.188421372893007;18
2306;LEU;6;0.007197843059961;0.090563733803677;0.209316648470088;6.9
2307;ARG;9;0.003224763088571;0.085946050344428;0.209624071218688;10
2308;ILE;7;0.000740405720654;0.080816030026031;0.255135834271303;8.3
2309;HIS;11;0.015345868630597;0.082688138742645;0.189831212558485;7.5
2310;PRO;8;0.004334380427869;0.077711158973165;0.215608496110221;
2311;GLN;7;0.005663352753203;0.077490132342698;0.230786451323656;114.3
2312;SER;5;0.000123456018949;0.072314609176101;0.335358163265306;102.3
2313;TRP;7;0.001883434460605;0.072389111809999;0.258183569346106;10.3
2314;VAL;5;0.000386043332252;0.068931687922755;0.320779591836735;40.5
2315;HIS;4;1.56635150511819E-05;0.066560303136062;0.415752551020408;7.3
2316;GLN;7;0.000486718346107;0.068992248062016;0.283113054745708;158.3
2317;ILE;7;0.001508349851479;0.072510998859378;0.219797740524781;64.5
2318;ALA;5;0.001291974110541;0.073315393486737;0.239830466278951;
2319;LEU;6;0.001058278779563;0.07609439124487;0.233006410910451;7.3
2320;ARG;10;0.015413152983943;0.079459555978811;0.162948196859858;2.5
2321;MET;9;0.016492909212429;0.085686777920411;0.181150646318529;58.8
2322;GLU;9;0.017848849849767;0.091250854408749;0.196986467655192;7.5
2323;VAL;8;0.01080905601252;0.09383566458143;0.187667804390275;10.5
2324;LEU;7;0.002133205352806;0.096844396082699;0.271160084404132;80.8
2325;GLY;7;0.010652102594913;0.101846200793409;0.226116307634165;4.9
2326;CYS;5;0.004042728896379;0.104077336867545;0.333425245653817;
2327;GLU;3;0.002930758193906;0.10352047146402;0.408285322359396;
2328;ALA;3;0.003698711933708;0.109596913225515;0.422345679012346;
2329;GLN;5;0.010857969850317;0.109903679920968;0.280755555555556;
2330;ASP;5;0.0035833997655;0.103144556903345;0.374844444444444;
2331;LEU;3;9.55016525778533E-05;0.096935811792042;0.527530864197531;
2332;TYR;5;0.05327958470578;0.105617088607595;0.289244444444445;
