pos	res	domain	pred
1	ALA	A1	0.61
2	THR	A1	0.65
3	ARG	A1	0.54
4	ARG	A1	0.79
5	TYR	A1	0.29
6	TYR	A1	0.39
7	LEU	A1	0.30
8	GLY	A1	0.52
9	ALA	A1	0.31
10	VAL	A1	0.30
11	GLU	A1	0.28
12	LEU	A1	0.34
13	SER	A1	0.55
14	TRP	A1	0.26
15	ASP	A1	0.67
16	TYR	A1	0.29
17	MET	A1	0.30
18	GLN	A1	0.52
19	SER	A1	0.68
20	ASP	A1	0.39
21	LEU	A1	0.67
22	GLY	A1	0.69
23	GLU	A1	0.56
24	LEU	A1	0.68
25	PRO	A1	0.71
26	VAL	A1	0.64
27	ASP	A1	0.70
28	ALA	A1	0.68
29	ARG	A1	0.68
30	PHE	A1	0.67
31	PRO	A1	0.67
32	PRO	A1	0.60
33	ARG	A1	0.41
34	VAL	A1	0.78
35	PRO	A1	0.78
36	LYS	A1	0.70
37	SER	A1	0.65
38	PHE	A1	0.67
39	PRO	A1	0.66
40	PHE	A1	0.44
41	ASN	A1	0.68
42	THR	A1	0.67
43	SER	A1	0.66
44	VAL	A1	0.66
45	VAL	A1	0.27
46	TYR	A1	0.24
47	LYS	A1	0.26
48	LYS	A1	0.17
49	THR	A1	0.25
50	LEU	A1	0.21
51	PHE	A1	0.08
52	VAL	A1	0.22
53	GLU	A1	0.61
54	PHE	A1	0.26
55	THR	A1	0.63
56	ASP	A1	0.51
57	HIS	A1	0.69
58	LEU	A1	0.33
59	PHE	A1	0.64
60	ASN	A1	0.65
61	ILE	A1	0.66
62	ALA	A1	0.69
63	LYS	A1	0.66
64	PRO	A1	0.41
65	ARG	A1	0.47
66	PRO	A1	0.73
67	PRO	A1	0.44
68	TRP	A1	0.29
69	MET	A1	0.31
70	GLY	A1	0.64
71	LEU	A1	0.08
72	LEU	A1	0.39
73	GLY	A1	0.35
74	PRO	A1	0.32
75	THR	A1	0.36
76	ILE	A1	0.25
77	GLN	A1	0.29
78	ALA	A1	0.36
79	GLU	A1	0.22
80	VAL	A1	0.36
81	TYR	A1	0.67
82	ASP	A1	0.45
83	THR	A1	0.43
84	VAL	A1	0.25
85	VAL	A1	0.51
86	ILE	A1	0.21
87	THR	A1	0.31
88	LEU	A1	0.32
89	LYS	A1	0.22
90	ASN	A1	0.25
91	MET	A1	0.55
92	ALA	A1	0.32
93	SER	A1	0.37
94	HIS	A1	0.32
95	PRO	A1	0.39
96	VAL	A1	0.36
97	SER	A1	0.25
98	LEU	A1	0.15
99	HIS	A1	0.25
100	ALA	A1	0.28
101	VAL	A1	0.29
102	GLY	A1	0.80
103	VAL	A1	0.25
104	SER	A1	0.57
105	TYR	A1	0.15
106	TRP	A1	0.24
107	LYS	A1	0.10
108	ALA	A1	0.83
109	SER	A1	0.25
110	GLU	A1	0.35
111	GLY	A1	0.38
112	ALA	A1	0.47
113	GLU	A1	0.56
114	TYR	A1	0.25
115	ASP	A1	0.73
116	ASP	A1	0.33
117	GLN	A1	0.34
118	THR	A1	0.60
119	SER	A1	0.78
120	GLN	A1	0.78
121	ARG	A1	0.49
122	GLU	A1	0.28
123	LYS	A1	0.35
124	GLU	A1	0.43
125	ASP	A1	0.41
126	ASP	A1	0.21
127	LYS	A1	0.30
128	VAL	A1	0.46
129	PHE	A1	0.67
130	PRO	A1	0.61
131	GLY	A1	0.64
132	GLY	A1	0.65
133	SER	A1	0.67
134	HIS	A1	0.49
135	THR	A1	0.32
136	TYR	A1	0.25
137	VAL	A1	0.55
138	TRP	A1	0.15
139	GLN	A1	0.61
140	VAL	A1	0.15
141	LEU	A1	0.31
142	LYS	A1	0.79
143	GLU	A1	0.53
144	ASN	A1	0.51
145	GLY	A1	0.35
146	PRO	A1	0.53
147	MET	A1	0.42
148	ALA	A1	0.82
149	SER	A1	0.74
150	ASP	A1	0.32
151	PRO	A1	0.73
152	LEU	A1	0.64
153	CYS	A1	0.66
154	LEU	A1	0.35
155	THR	A1	0.29
156	TYR	A1	0.25
157	SER	A1	0.24
158	TYR	A1	0.08
159	LEU	A1	0.24
160	SER	A1	0.24
161	HIS	A1	0.25
162	VAL	A1	0.31
163	ASP	A1	0.38
164	LEU	A1	0.25
165	VAL	A1	0.36
166	LYS	A1	0.32
167	ASP	A1	0.08
168	LEU	A1	0.25
169	ASN	A1	0.22
170	SER	A1	0.21
171	GLY	A1	0.43
172	LEU	A1	0.24
173	ILE	A1	0.33
174	GLY	A1	0.64
175	ALA	A1	0.78
176	LEU	A1	0.33
177	LEU	A1	0.24
178	VAL	A1	0.42
179	CYS	A1	0.37
180	ARG	A1	0.22
181	GLU	A1	0.49
182	GLY	A1	0.61
183	SER	A1	0.31
184	LEU	A1	0.49
185	ALA	A1	0.50
186	LYS	A1	0.41
187	GLU	A1	0.43
188	LYS	A1	0.72
189	THR	A1	0.65
190	GLN	A1	0.51
191	THR	A1	0.57
192	LEU	A1	0.56
193	HIS	A1	0.45
194	LYS	A1	0.26
195	PHE	A1	0.25
196	ILE	A1	0.32
197	LEU	A1	0.24
198	LEU	A1	0.35
199	PHE	A1	0.25
200	ALA	A1	0.35
201	VAL	A1	0.25
202	PHE	A1	0.37
203	ASP	A1	0.39
204	GLU	A1	0.27
205	GLY	A1	0.82
206	LYS	A1	0.72
207	SER	A1	0.43
208	TRP	A1	0.18
209	HIS	A1	0.65
210	SER	A1	0.64
211	GLU	A1	0.65
212	THR	A1	0.84
213	LYS	A1	0.65
214	ASN	A1	0.64
222	ALA	A1	0.65
223	ALA	A1	0.65
224	SER	A1	0.67
225	ALA	A1	0.80
226	ARG	A1	0.49
227	ALA	A1	0.49
228	TRP	A1	0.65
229	PRO	A1	0.62
230	LYS	A1	0.39
231	MET	A1	0.36
232	HIS	A1	0.08
233	THR	A1	0.21
234	VAL	A1	0.21
235	ASN	A1	0.46
236	GLY	A1	0.37
237	TYR	A1	0.07
238	VAL	A1	0.26
239	ASN	A1	0.71
240	ARG	A1	0.25
241	SER	A1	0.28
242	LEU	A1	0.34
243	PRO	A1	0.59
244	GLY	A1	0.73
245	LEU	A1	0.38
246	ILE	A1	0.66
247	GLY	A1	0.68
248	CYS	A1	0.33
249	HIS	A1	0.33
250	ARG	A1	0.76
251	LYS	A1	0.57
252	SER	A1	0.37
253	VAL	A1	0.48
254	TYR	A1	0.67
255	TRP	A1	0.24
256	HIS	A1	0.25
257	VAL	A1	0.34
258	ILE	A1	0.32
259	GLY	A1	0.36
260	MET	A1	0.25
261	GLY	A1	0.62
262	THR	A1	0.36
263	THR	A1	0.39
264	PRO	A1	0.25
265	GLU	A1	0.25
266	VAL	A1	0.28
267	HIS	A1	0.35
268	SER	A1	0.47
269	ILE	A1	0.31
270	PHE	A1	0.10
271	LEU	A1	0.26
272	GLU	A1	0.42
273	GLY	A1	0.62
274	HIS	A1	0.31
275	THR	A1	0.67
276	PHE	A1	0.15
277	LEU	A1	0.34
278	VAL	A1	0.41
279	ARG	A1	0.59
280	ASN	A1	0.54
281	HIS	A1	0.29
282	ARG	A1	0.08
283	GLN	A1	0.34
284	ALA	A1	0.40
285	SER	A1	0.35
286	LEU	A1	0.43
287	GLU	A1	0.27
288	ILE	A1	0.15
289	SER	A1	0.32
290	PRO	A1	0.38
291	ILE	A1	0.24
292	THR	A1	0.36
293	PHE	A1	0.24
294	LEU	A1	0.26
295	THR	A1	0.36
296	ALA	A1	0.47
297	GLN	A1	0.41
298	THR	A1	0.34
299	LEU	A1	0.41
300	LEU	A1	0.28
301	MET	A1	0.50
302	ASP	A1	0.58
303	LEU	A1	0.51
304	GLY	A1	0.58
305	GLN	A1	0.61
306	PHE	A1	0.20
307	LEU	A1	0.26
308	LEU	A1	0.10
309	PHE	A1	0.29
310	CYS	A1	0.36
311	HIS	A1	0.49
312	ILE	A1	0.38
313	SER	A1	0.60
314	SER	A1	0.81
315	HIS	A1	0.35
316	GLN	A1	0.42
317	HIS	A1	0.65
318	ASP	A1	0.59
319	GLY	A1	0.21
320	MET	A1	0.08
321	GLU	A1	0.30
322	ALA	A1	0.43
323	TYR	A1	0.30
324	VAL	A1	0.35
325	LYS	A1	0.31
326	VAL	A1	0.31
327	ASP	A1	0.56
328	SER	A1	0.57
329	CYS	A1	0.66
330	PRO	A1	0.69
331	GLU	A1	0.75
332	GLU	A1	0.67
333	PRO	A1	0.67
360	PHE	A1	0.67
361	ASP	A1	0.71
362	ASP	A1	0.67
363	ASP	A1	0.65
364	ASN	A1	0.67
365	SER	A1	0.61
366	PRO	A1	0.71
367	SER	A1	0.71
368	PHE	A1	0.85
369	ILE	A1	0.72
370	GLN	A1	0.67
371	ILE	A1	0.70
372	ARG	A1	0.81
373	SER	A2	0.70
374	VAL	A2	0.70
375	ALA	A2	0.71
384	HIS	A2	0.28
387	ALA	A2	0.45
388	ALA	A2	0.41
389	GLU	A2	0.40
390	GLU	A2	0.28
394	ASP	A2	0.59
395	TYR	A2	0.10
396	ALA	A2	0.52
401	ALA	A2	0.70
402	PRO	A2	0.67
411	TYR	A2	0.24
430	ALA	A2	0.30
433	ASP	A2	0.68
439	ARG	A2	0.67
441	ALA	A2	0.65
443	GLN	A2	0.69
446	SER	A2	0.39
447	GLY	A2	0.29
469	ALA	A2	0.61
470	SER	A2	0.77
480	ILE	A2	0.25
483	VAL	A2	0.24
484	ARG	A2	0.35
510	LYS	A2	0.44
513	TRP	A2	0.10
515	VAL	A2	0.35
516	THR	A2	0.65
544	ALA	A2	0.41
548	ILE	A2	0.21
553	ILE	A2	0.29
555	TYR	A2	0.55
557	GLU	A2	0.67
564	ASN	A2	0.56
565	GLN	A2	0.57
570	LYS	A2	0.60
571	ARG	A2	0.17
572	ASN	A2	0.46
575	LEU	A2	0.49
577	SER	A2	0.25
581	GLU	A2	0.25
582	ASN	A2	0.62
583	ARG	A2	0.58
584	SER	A2	0.25
589	GLU	A2	0.54
590	ASN	A2	0.25
593	ARG	A2	0.46
595	LEU	A2	0.29
598	PRO	A2	0.69
599	ALA	A2	0.88
606	PRO	A2	0.62
608	PHE	A2	0.25
609	GLN	A2	0.26
610	ALA	A2	0.52
612	ASN	A2	0.24
613	ILE	A2	0.25
614	MET	A2	0.18
615	HIS	A2	0.27
616	SER	A2	0.29
617	ILE	A2	0.22
620	TYR	A2	0.16
626	GLN	A2	0.46
627	LEU	A2	0.21
635	ALA	A2	0.42
636	TYR	A2	0.43
639	ILE	A2	0.34
641	SER	A2	0.51
644	ALA	A2	0.67
645	GLN	A2	0.51
647	ASP	A2	0.42
650	SER	A2	0.25
651	VAL	A2	0.38
652	PHE	A2	0.29
653	PHE	A2	0.25
654	SER	A2	0.22
655	GLY	A2	0.42
656	TYR	A2	0.08
657	THR	A2	0.24
658	PHE	A2	0.34
659	LYS	A2	0.25
660	HIS	A2	0.24
661	LYS	A2	0.29
662	MET	A2	0.28
663	VAL	A2	0.26
664	TYR	A2	0.08
665	GLU	A2	0.25
666	ASP	A2	0.24
667	THR	A2	0.25
668	LEU	A2	0.25
669	THR	A2	0.24
670	LEU	A2	0.45
671	PHE	A2	0.70
672	PRO	A2	0.48
673	PHE	A2	0.25
674	SER	A2	0.44
675	GLY	A2	0.46
676	GLU	A2	0.37
677	THR	A2	0.30
678	VAL	A2	0.31
679	PHE	A2	0.24
680	MET	A2	0.24
681	SER	A2	0.47
682	MET	A2	0.15
683	GLU	A2	0.24
684	ASN	A2	0.31
685	PRO	A2	0.34
686	GLY	A2	0.41
687	LEU	A2	0.31
688	TRP	A2	0.05
689	ILE	A2	0.45
690	LEU	A2	0.22
691	GLY	A2	0.60
692	CYS	A2	0.46
693	HIS	A2	0.25
694	ASN	A2	0.25
695	SER	A2	0.48
696	ASP	A2	0.31
697	PHE	A2	0.33
698	ARG	A2	0.61
699	ASN	A2	0.34
700	ARG	A2	0.35
701	GLY	A2	0.68
702	MET	A2	0.59
703	THR	A2	0.29
704	ALA	A2	0.40
705	LEU	A2	0.51
706	LEU	A2	0.07
707	LYS	A2	0.29
708	VAL	A2	0.29
709	SER	A2	0.34
710	SER	A2	0.41
711	CYS	a2	0.66
712	ASP	a2	0.64
713	LYS	a2	0.65
714	ASN	a2	0.69
715	THR	a2	0.71
716	GLY	a2	0.70
717	ASP	a2	0.84
718	TYR	a2	0.67
719	TYR	a2	0.88
720	GLU	a2	0.67
721	ASP	a2	0.71
722	SER	a2	0.71
723	TYR	a2	0.47
724	GLU	a2	0.70
725	ASP	a2	0.51
1689	ARG	a3	0.67
1690	SER	A3	0.69
1691	PHE	A3	0.65
1692	GLN	A3	0.64
1693	LYS	A3	0.54
1694	LYS	A3	0.56
1695	THR	A3	0.72
1696	ARG	A3	0.22
1697	HIS	A3	0.46
1698	TYR	A3	0.34
1699	PHE	A3	0.38
1700	ILE	A3	0.32
1701	ALA	A3	0.46
1702	ALA	A3	0.33
1703	VAL	A3	0.44
1704	GLU	A3	0.34
1705	ARG	A3	0.59
1706	LEU	A3	0.75
1707	TRP	A3	0.27
1708	ASP	A3	0.68
1709	TYR	A3	0.24
1710	GLY	A3	0.61
1711	MET	A3	0.63
1712	SER	A3	0.56
1713	SER	A3	0.65
1714	SER	A3	0.49
1715	PRO	A3	0.68
1716	HIS	A3	0.70
1717	VAL	A3	0.75
1718	LEU	A3	0.67
1719	ARG	A3	0.67
1720	ASN	A3	0.66
1721	ARG	A3	0.68
1722	ALA	A3	0.75
1723	GLN	A3	0.68
1724	SER	A3	0.66
1725	GLY	A3	0.67
1726	SER	A3	0.67
1727	VAL	A3	0.55
1728	PRO	A3	0.66
1729	GLN	A3	0.55
1730	PHE	A3	0.29
1731	LYS	A3	0.56
1732	LYS	A3	0.24
1733	VAL	A3	0.21
1734	VAL	A3	0.39
1735	PHE	A3	0.34
1736	GLN	A3	0.35
1737	GLU	A3	0.31
1738	PHE	A3	0.30
1739	THR	A3	0.72
1740	ASP	A3	0.63
1741	GLY	A3	0.64
1742	SER	A3	0.47
1743	PHE	A3	0.47
1744	THR	A3	0.68
1745	GLN	A3	0.73
1746	PRO	A3	0.44
1747	LEU	A3	0.33
1748	TYR	A3	0.40
1749	ARG	A3	0.24
1750	GLY	A3	0.68
1751	GLU	A3	0.24
1752	LEU	A3	0.36
1753	ASN	A3	0.43
1754	GLU	A3	0.29
1755	HIS	A3	0.22
1756	LEU	A3	0.25
1757	GLY	A3	0.41
1758	LEU	A3	0.37
1759	LEU	A3	0.25
1760	GLY	A3	0.38
1761	PRO	A3	0.24
1762	TYR	A3	0.10
1763	ILE	A3	0.25
1764	ARG	A3	0.28
1765	ALA	A3	0.36
1766	GLU	A3	0.21
1767	VAL	A3	0.38
1768	GLU	A3	0.61
1769	ASP	A3	0.31
1770	ASN	A3	0.32
1771	ILE	A3	0.22
1772	MET	A3	0.31
1773	VAL	A3	0.37
1774	THR	A3	0.48
1775	PHE	A3	0.34
1776	ARG	A3	0.18
1777	ASN	A3	0.44
1778	GLN	A3	0.40
1779	ALA	A3	0.51
1780	SER	A3	0.64
1781	ARG	A3	0.38
1782	PRO	A3	0.36
1783	TYR	A3	0.22
1784	SER	A3	0.30
1785	PHE	A3	0.41
1786	TYR	A3	0.15
1787	SER	A3	0.37
1788	SER	A3	0.25
1789	LEU	A3	0.36
1790	ILE	A3	0.36
1791	SER	A3	0.55
1792	TYR	A3	0.62
1793	GLU	A3	0.30
1794	GLU	A3	0.73
1795	ASP	A3	0.55
1796	GLN	A3	0.67
1797	ARG	A3	0.54
1798	GLN	A3	0.48
1799	GLY	A3	0.36
1800	ALA	A3	0.30
1801	GLU	A3	0.43
1802	PRO	A3	0.44
1803	ARG	A3	0.55
1804	LYS	A3	0.70
1805	ASN	A3	0.41
1806	PHE	A3	0.54
1807	VAL	A3	0.71
1808	LYS	A3	0.73
1809	PRO	A3	0.30
1810	ASN	A3	0.78
1811	GLU	A3	0.68
1812	THR	A3	0.51
1813	LYS	A3	0.68
1814	THR	A3	0.46
1815	TYR	A3	0.33
1816	PHE	A3	0.54
1817	TRP	A3	0.21
1818	LYS	A3	0.47
1819	VAL	A3	0.31
1820	GLN	A3	0.41
1821	HIS	A3	0.72
1822	HIS	A3	0.34
1823	MET	A3	0.33
1824	ALA	A3	0.57
1825	PRO	A3	0.35
1826	THR	A3	0.44
1827	LYS	A3	0.57
1828	ASP	A3	0.47
1829	GLU	A3	0.36
1830	PHE	A3	0.25
1831	ASP	A3	0.25
1832	CYS	A3	0.36
1833	LYS	A3	0.36
1834	ALA	A3	0.37
1835	TRP	A3	0.08
1836	ALA	A3	0.38
1837	TYR	A3	0.08
1838	SER	A3	0.38
1839	SER	A3	0.33
1840	ASP	A3	0.47
1841	VAL	A3	0.32
1842	ASP	A3	0.58
1843	LEU	A3	0.24
1844	GLU	A3	0.58
1845	LYS	A3	0.46
1846	ASP	A3	0.21
1847	VAL	A3	0.10
1848	HIS	A3	0.08
1849	SER	A3	0.24
1850	GLY	A3	0.50
1851	LEU	A3	0.25
1852	ILE	A3	0.25
1853	GLY	A3	0.60
1854	PRO	A3	0.24
1855	LEU	A3	0.10
1856	LEU	A3	0.37
1857	VAL	A3	0.24
1858	CYS	A3	0.25
1859	HIS	A3	0.36
1860	THR	A3	0.47
1861	ASN	A3	0.46
1862	THR	A3	0.44
1863	LEU	A3	0.21
1864	ASN	A3	0.51
1865	PRO	A3	0.82
1866	ALA	A3	0.74
1867	HIS	A3	0.70
1868	GLY	A3	0.73
1869	ARG	A3	0.52
1870	GLN	A3	0.31
1871	VAL	A3	0.53
1872	THR	A3	0.53
1873	VAL	A3	0.46
1874	GLN	A3	0.36
1875	GLU	A3	0.43
1876	PHE	A3	0.25
1877	ALA	A3	0.67
1878	LEU	A3	0.24
1879	PHE	A3	0.15
1880	PHE	A3	0.24
1881	THR	A3	0.24
1882	ILE	A3	0.25
1883	PHE	A3	0.25
1884	ASP	A3	0.52
1885	GLU	A3	0.31
1886	THR	A3	0.49
1887	LYS	A3	0.78
1888	SER	A3	0.37
1889	TRP	A3	0.22
1890	TYR	A3	0.78
1891	PHE	A3	0.61
1892	THR	A3	0.75
1893	GLU	A3	0.29
1894	ASN	A3	0.64
1895	MET	A3	0.65
1896	GLU	A3	0.69
1897	ARG	A3	0.49
1898	ASN	A3	0.65
1899	CYS	A3	0.74
1900	ARG	A3	0.52
1901	ALA	A3	0.66
1902	PRO	A3	0.65
1903	CYS	A3	0.65
1904	ASN	A3	0.63
1905	ILE	A3	0.65
1906	GLN	A3	0.66
1907	MET	A3	0.64
1908	GLU	A3	0.60
1909	ASP	A3	0.66
1910	PRO	A3	0.66
1911	THR	A3	0.32
1912	PHE	A3	0.37
1913	LYS	A3	0.47
1914	GLU	A3	0.52
1915	ASN	A3	0.59
1916	TYR	A3	0.47
1917	ARG	A3	0.25
1918	PHE	A3	0.08
1919	HIS	A3	0.33
1920	ALA	A3	0.24
1921	ILE	A3	0.35
1922	ASN	A3	0.24
1923	GLY	A3	0.24
1924	TYR	A3	0.22
1925	ILE	A3	0.32
1926	MET	A3	0.44
1927	ASP	A3	0.38
1928	THR	A3	0.41
1929	LEU	A3	0.34
1930	PRO	A3	0.26
1931	GLY	A3	0.69
1932	LEU	A3	0.32
1933	VAL	A3	0.62
1934	MET	A3	0.08
1935	ALA	A3	0.38
1936	GLN	A3	0.27
1937	ASP	A3	0.64
1938	GLN	A3	0.44
1939	ARG	A3	0.35
1940	ILE	A3	0.25
1941	ARG	A3	0.08
1942	TRP	A3	0.08
1943	TYR	A3	0.08
1944	LEU	A3	0.25
1945	LEU	A3	0.10
1946	SER	A3	0.35
1947	MET	A3	0.25
1948	GLY	A3	0.72
1949	SER	A3	0.53
1950	ASN	A3	0.34
1951	GLU	A3	0.24
1952	ASN	A3	0.24
1953	ILE	A3	0.30
1954	HIS	A3	0.25
1955	SER	A3	0.36
1956	ILE	A3	0.10
1957	HIS	A3	0.25
1958	PHE	A3	0.24
1959	SER	A3	0.38
1960	GLY	A3	0.61
1961	HIS	A3	0.24
1962	VAL	A3	0.25
1963	PHE	A3	0.24
1964	THR	A3	0.40
1965	VAL	A3	0.32
1966	ARG	A3	0.36
1967	LYS	A3	0.36
1968	LYS	A3	0.51
1969	GLU	A3	0.39
1970	GLU	A3	0.37
1971	TYR	A3	0.29
1972	LYS	A3	0.25
1973	MET	A3	0.24
1974	ALA	A3	0.37
1975	LEU	A3	0.25
1976	TYR	A3	0.24
1977	ASN	A3	0.25
1978	LEU	A3	0.25
1979	TYR	A3	0.25
1980	PRO	A3	0.25
1981	GLY	A3	0.32
1982	VAL	A3	0.25
1983	PHE	A3	0.24
1984	GLU	A3	0.52
1985	THR	A3	0.32
1986	VAL	A3	0.38
1987	GLU	A3	0.36
1988	MET	A3	0.11
1989	LEU	A3	0.78
1990	PRO	A3	0.36
1991	SER	A3	0.29
1992	LYS	A3	0.39
1993	ALA	A3	0.33
1994	GLY	A3	0.43
1995	ILE	A3	0.36
1996	TRP	A3	0.15
1997	ARG	A3	0.08
1998	VAL	A3	0.37
1999	GLU	A3	0.32
2000	CYS	A3	0.38
2001	LEU	A3	0.32
2002	ILE	A3	0.22
2003	GLY	A3	0.37
2004	GLU	A3	0.38
2005	HIS	A3	0.08
2006	LEU	A3	0.08
2007	HIS	A3	0.34
2008	ALA	A3	0.33
2009	GLY	A3	0.37
2010	MET	A3	0.08
2011	SER	A3	0.35
2012	THR	A3	0.35
2013	LEU	A3	0.41
2014	PHE	A3	0.10
2015	LEU	A3	0.39
2016	VAL	A3	0.35
2017	TYR	A3	0.24
2018	SER	A3	0.32
2019	ASN	A3	0.30
2020	LYS	C1	0.63
2021	CYS	C1	0.30
2022	GLN	C1	0.17
2023	THR	C1	0.25
2024	PRO	C1	0.56
2025	LEU	C1	0.18
2026	GLY	C1	0.26
2027	MET	C1	0.48
2028	ALA	C1	0.67
2029	SER	C1	0.82
2030	GLY	C1	0.77
2031	HIS	C1	0.41
2032	ILE	C1	0.39
2033	ARG	C1	0.62
2034	ASP	C1	0.63
2035	PHE	C1	0.71
2036	GLN	C1	0.38
2037	ILE	C1	0.33
2038	THR	C1	0.51
2039	ALA	C1	0.48
2040	SER	C1	0.77
2041	GLY	C1	0.69
2042	GLN	C1	0.53
2043	TYR	C1	0.50
2044	GLY	C1	0.67
2045	GLN	C1	0.84
2046	TRP	C1	0.21
2047	ALA	C1	0.35
2048	PRO	C1	0.40
2049	LYS	C1	0.65
2050	LEU	C1	0.43
2051	ALA	C1	0.63
2052	ARG	C1	0.24
2053	LEU	C1	0.67
2054	HIS	C1	0.60
2055	TYR	C1	0.84
2056	SER	C1	0.69
2057	GLY	C1	0.68
2058	SER	C1	0.84
2059	ILE	C1	0.72
2060	ASN	C1	0.34
2061	ALA	C1	0.44
2062	TRP	C1	0.05
2063	SER	C1	0.48
2064	THR	C1	0.43
2065	LYS	C1	0.65
2066	GLU	C1	0.83
2067	PRO	C1	0.70
2068	PHE	C1	0.65
2069	SER	C1	0.38
2070	TRP	C1	0.25
2071	ILE	C1	0.32
2072	LYS	C1	0.38
2073	VAL	C1	0.18
2074	ASP	C1	0.42
2075	LEU	C1	0.28
2076	LEU	C1	0.63
2077	ALA	C1	0.68
2078	PRO	C1	0.37
2079	MET	C1	0.42
2080	ILE	C1	0.28
2081	ILE	C1	0.29
2082	HIS	C1	0.22
2083	GLY	C1	0.62
2084	ILE	C1	0.41
2085	LYS	C1	0.47
2086	THR	C1	0.18
2087	GLN	C1	0.19
2088	GLY	C1	0.45
2089	ALA	C1	0.67
2090	ARG	C1	0.65
2091	GLN	C1	0.67
2092	LYS	C1	0.84
2093	PHE	C1	0.68
2094	SER	C1	0.84
2095	SER	C1	0.75
2096	LEU	C1	0.25
2097	TYR	C1	0.41
2098	ILE	C1	0.17
2099	SER	C1	0.77
2100	GLN	C1	0.53
2101	PHE	C1	0.17
2102	ILE	C1	0.50
2103	ILE	C1	0.18
2104	MET	C1	0.17
2105	TYR	C1	0.22
2106	SER	C1	0.30
2107	LEU	C1	0.51
2108	ASP	C1	0.55
2109	GLY	C1	0.65
2110	LYS	C1	0.57
2111	LYS	C1	0.70
2112	TRP	C1	0.27
2113	GLN	C1	0.65
2114	THR	C1	0.60
2115	TYR	C1	0.07
2116	ARG	C1	0.29
2117	GLY	C1	0.57
2118	ASN	C1	0.73
2119	SER	C1	0.66
2120	THR	C1	0.66
2121	GLY	C1	0.69
2122	THR	C1	0.54
2123	LEU	C1	0.44
2124	MET	C1	0.44
2125	VAL	C1	0.75
2126	PHE	C1	0.17
2127	PHE	C1	0.50
2128	GLY	C1	0.65
2129	ASN	C1	0.44
2130	VAL	C1	0.73
2131	ASP	C1	0.77
2132	SER	C1	0.53
2133	SER	C1	0.63
2134	GLY	C1	0.67
2135	ILE	C1	0.35
2136	LYS	C1	0.41
2137	HIS	C1	0.31
2138	ASN	C1	0.25
2139	ILE	C1	0.33
2140	PHE	C1	0.27
2141	ASN	C1	0.55
2142	PRO	C1	0.45
2143	PRO	C1	0.39
2144	ILE	C1	0.30
2145	ILE	C1	0.69
2146	ALA	C1	0.27
2147	ARG	C1	0.29
2148	TYR	C1	0.15
2149	ILE	C1	0.19
2150	ARG	C1	0.17
2151	LEU	C1	0.36
2152	HIS	C1	0.26
2153	PRO	C1	0.44
2154	THR	C1	0.50
2155	HIS	C1	0.41
2156	TYR	C1	0.24
2157	SER	C1	0.68
2158	ILE	C1	0.64
2159	ARG	C1	0.28
2160	SER	C1	0.61
2161	THR	C1	0.38
2162	LEU	C1	0.15
2163	ARG	C1	0.05
2164	MET	C1	0.24
2165	GLU	C1	0.23
2166	LEU	C1	0.30
2167	MET	C1	0.18
2168	GLY	C1	0.27
2169	CYS	C1	0.33
2170	ASP	C1	0.40
2171	LEU	C1	0.48
2172	ASN	C1	0.41
2184	ALA	C2	0.66
2188	ALA	C2	0.78
2192	ALA	C2	0.45
2201	ALA	C2	0.66
2207	LYS	C2	0.23
2208	ALA	C2	0.28
2216	SER	C2	0.60
2218	ALA	C2	0.45
2223	VAL	C2	0.74
2249	LYS	C2	0.56
2279	LYS	C2	0.84
2287	GLN	C2	0.68
2310	PRO	C2	0.31
2318	ALA	C2	0.57
2326	CYS	C2	0.56
2327	GLU	C2	0.70
2328	ALA	C2	0.67
2329	GLN	C2	0.42
2330	ASP	C2	0.60
2331	LEU	C2	0.82
2332	TYR	C2	0.33
